design,outcome,metric,lo95,median,hi95
C-D1,conversion_rate,main_rho__message_condition,0.002083124365080267,0.002343500613707459,0.0026100593718740794
C-D1,conversion_rate,main_rho__seeding_regime,5.73852283677487e-08,9.797448187693861e-07,4.5824247477797654e-06
C-D1,conversion_rate,main_share__message_condition,0.6994999045136961,0.7493831750143248,0.7916214681770951
C-D1,conversion_rate,main_share__seeding_regime,0.000141203771258951,0.002460213796847184,0.011223422021627533
C-D1,conversion_rate,omega,0.07082975832318582,0.07665531983207896,0.08304358998291951
C-D1,conversion_rate,shapley_rho__message_condition,0.001284941335074368,0.0014434368026185898,0.0016063441727725536
C-D1,conversion_rate,shapley_rho__seeding_regime,1.6337183280772547e-05,2.2039731350365597e-05,2.9638148762814357e-05
C-D1,conversion_rate,shapley_share__message_condition,0.7687352690866304,0.81012828229195,0.8448376054172267
C-D1,conversion_rate,shapley_share__seeding_regime,0.04580766413464404,0.06031687858597805,0.07792774478024032
C-D1,conversion_rate,tau,0.0002747685257645322,0.00030580454615214463,0.00033701281643555537
C-D1,mean_signed_shift,main_rho__message_condition,0.004307510409333309,0.004447033465814864,0.0045826745647038
C-D1,mean_signed_shift,main_rho__seeding_regime,2.5953014756844874e-09,6.86316203482152e-08,3.378880201079331e-07
C-D1,mean_signed_shift,main_share__message_condition,0.961988278618506,0.9677619597629009,0.9737618050164827
C-D1,mean_signed_shift,main_share__seeding_regime,6.2298081539813e-06,0.00016236477891428926,0.0008039989148593722
C-D1,mean_signed_shift,omega,0.044725970586033274,0.04891066026938787,0.05337289926065005
C-D1,mean_signed_shift,shapley_rho__message_condition,0.0026180036954550675,0.002705247602023734,0.0027872670106935254
C-D1,mean_signed_shift,shapley_rho__seeding_regime,1.7776558935782534e-06,2.3291194378822606e-06,3.0040442330317983e-06
C-D1,mean_signed_shift,shapley_share__message_condition,0.9699452228539187,0.9746513706223167,0.9794413766644917
C-D1,mean_signed_shift,shapley_share__seeding_regime,0.004473697907429286,0.005858120549183357,0.007575041244617687
C-D1,mean_signed_shift,tau,0.00033633250985992864,0.00034669559668827057,0.00035701587744585363
C-D1,mean_total_shift,main_rho__message_condition,0.00859542519504601,0.008732950967003623,0.008862518165210316
C-D1,mean_total_shift,main_rho__seeding_regime,1.9893449140487362e-08,1.4751902739678722e-07,4.25621580069107e-07
C-D1,mean_total_shift,main_share__message_condition,0.9914207299555224,0.9929548337621168,0.9944610107871903
C-D1,mean_total_shift,main_share__seeding_regime,2.2951452382116973e-05,0.00017003470219348858,0.0004886733136090211
C-D1,mean_total_shift,omega,0.05247297429622093,0.05723254807233182,0.06263499119100124
C-D1,mean_total_shift,shapley_rho__message_condition,0.0054928051897569444,0.0055847053001210015,0.005669573866532839
C-D1,mean_total_shift,shapley_rho__seeding_regime,9.423832964963426e-07,1.2995983010830311e-06,1.7177605543197276e-06
C-D1,mean_total_shift,shapley_share__message_condition,0.9933770228579605,0.9945311037173561,0.9957450385266851
C-D1,mean_total_shift,shapley_share__seeding_regime,0.0011503492141508045,0.001581615982031288,0.0020849829471670253
C-D1,mean_total_shift,tau,0.000705778872856238,0.0007166103792036659,0.0007275488671516924
C-D10,conversion_rate,main_rho__message_condition,0.04148099740201232,0.043768796066695016,0.04623267150247072
C-D10,conversion_rate,main_rho__seeding_regime,0.02663662736831341,0.027629782475157412,0.02851309960367039
C-D10,conversion_rate,main_share__message_condition,0.1457890846402129,0.1519746294349702,0.15927007654792924
C-D10,conversion_rate,main_share__seeding_regime,0.7287234159177535,0.7395681179462146,0.7501244888806735
C-D10,conversion_rate,omega,0.27584012333448743,0.3001481466603298,0.32909010630908
C-D10,conversion_rate,shapley_rho__message_condition,0.031334915757707416,0.03313000613846816,0.03504612547467144
C-D10,conversion_rate,shapley_rho__seeding_regime,0.025925438601199644,0.026854573994949806,0.02773346788492897
C-D10,conversion_rate,shapley_share__message_condition,0.19432348223334264,0.20207471809648828,0.21089260200845264
C-D10,conversion_rate,shapley_share__seeding_regime,0.7810412513621519,0.7901554100132935,0.7980365023953215
C-D10,conversion_rate,tau,0.027124136578878966,0.028115920739468003,0.029026515824303472
C-D10,mean_signed_shift,main_rho__message_condition,0.08602679218285601,0.08724209970226701,0.08855582260443574
C-D10,mean_signed_shift,main_rho__seeding_regime,0.03770936799413937,0.03808412343801275,0.03841084984012775
C-D10,mean_signed_shift,main_share__message_condition,0.15350910596360906,0.15521141450056786,0.1570836001914981
C-D10,mean_signed_shift,main_share__seeding_regime,0.737295916438353,0.7400356009963808,0.7428764902504086
C-D10,mean_signed_shift,omega,0.2163561140217319,0.23406986459986562,0.2551970277274748
C-D10,mean_signed_shift,shapley_rho__message_condition,0.06886399431609895,0.06993224435139674,0.07103049774184965
C-D10,mean_signed_shift,shapley_rho__seeding_regime,0.03802297087082164,0.03839217317536298,0.038739885315202074
C-D10,mean_signed_shift,shapley_share__message_condition,0.2039127611205992,0.20599913167046938,0.2081908384091925
C-D10,mean_signed_shift,shapley_share__seeding_regime,0.7890132891485351,0.7912137545921816,0.7933522347171593
C-D10,mean_signed_shift,tau,0.041994392287913004,0.04239541178304457,0.0427896592411632
C-D10,mean_total_shift,main_rho__message_condition,0.13597995044990147,0.13704631857061816,0.1380069244864518
C-D10,mean_total_shift,main_rho__seeding_regime,0.060750164215176025,0.061078537447412776,0.061374707798049294
C-D10,mean_total_shift,main_share__message_condition,0.16327958591651037,0.16418412151625567,0.16519076159664978
C-D10,mean_total_shift,main_share__seeding_regime,0.7398753500265939,0.7412473889629378,0.7425567486305008
C-D10,mean_total_shift,omega,0.2168881160948672,0.23765781161549077,0.26094917105438764
C-D10,mean_total_shift,shapley_rho__message_condition,0.1115250085224536,0.11242613341606446,0.11330898978923185
C-D10,mean_total_shift,shapley_rho__seeding_regime,0.06116344125005043,0.06149008499568724,0.06179867160006168
C-D10,mean_total_shift,shapley_share__message_condition,0.2099424079754832,0.21099215231014007,0.2121311940006253
C-D10,mean_total_shift,shapley_share__seeding_regime,0.7870138125785474,0.7881606001779308,0.7892222730823848
C-D10,mean_total_shift,tau,0.06764000124495517,0.0680020758862939,0.06835391206533571
C-D5,conversion_rate,main_rho__message_condition,0.014791856035222123,0.015897131356538648,0.017135524059567434
C-D5,conversion_rate,main_rho__seeding_regime,0.005454175909505749,0.005775257325241312,0.0061107100371632925
C-D5,conversion_rate,main_share__message_condition,0.2177979867574124,0.23171144618287498,0.24653555065267907
C-D5,conversion_rate,main_share__seeding_regime,0.6307071793882584,0.648782169525001,0.6689630785887986
C-D5,conversion_rate,omega,0.1757135811037453,0.19182988820159635,0.20940713084849238
C-D5,conversion_rate,shapley_rho__message_condition,0.010246652461360677,0.011027558269387767,0.01186067732772898
C-D5,conversion_rate,shapley_rho__seeding_regime,0.00534342895486925,0.005661711145029648,0.005987633937089145
C-D5,conversion_rate,shapley_share__message_condition,0.26702333623204355,0.2827491038877852,0.29841860610332116
C-D5,conversion_rate,shapley_share__seeding_regime,0.6825701704659791,0.6991648988015954,0.715076914680017
C-D5,conversion_rate,tau,0.006355404438471872,0.006690888012808694,0.00703399607121775
C-D5,mean_signed_shift,main_rho__message_condition,0.02915538357294397,0.02976757881895383,0.030337168408401137
C-D5,mean_signed_shift,main_rho__seeding_regime,0.007422963777409461,0.007543063210111067,0.0076552963823605675
C-D5,mean_signed_shift,main_share__message_condition,0.23586579423037102,0.23945709228074863,0.24340920948811975
C-D5,mean_signed_shift,main_share__seeding_regime,0.6581901232854612,0.6626638094539863,0.6669651444352875
C-D5,mean_signed_shift,omega,0.12471978630410588,0.1360353570788722,0.1489738312938063
C-D5,mean_signed_shift,shapley_rho__message_condition,0.021019582715888878,0.021482367396582363,0.021902352872284103
C-D5,mean_signed_shift,shapley_rho__seeding_regime,0.007490764001081605,0.007615364564569457,0.007734187594356665
C-D5,mean_signed_shift,shapley_share__message_condition,0.2823066350509243,0.2860684863429311,0.29003925442748607
C-D5,mean_signed_shift,shapley_share__seeding_regime,0.7055708208766512,0.7095591392085352,0.7134253253450654
C-D5,mean_signed_shift,tau,0.009231395820185319,0.00938054036657706,0.009512461703823076
C-D5,mean_total_shift,main_rho__message_condition,0.05283279073418734,0.05337061395390527,0.05389511859978895
C-D5,mean_total_shift,main_rho__seeding_regime,0.01411268379238727,0.014230683145765729,0.01434262724225136
C-D5,mean_total_shift,main_share__message_condition,0.24486464279626244,0.2465846077645133,0.2484590404090345
C-D5,mean_total_shift,main_share__seeding_regime,0.6639570772094481,0.6660053412430551,0.6678617869374162
C-D5,mean_total_shift,omega,0.13067694936794202,0.14233859105575802,0.1561080804234246
C-D5,mean_total_shift,shapley_rho__message_condition,0.03961349951836968,0.040046877051432395,0.0404807962155852
C-D5,mean_total_shift,shapley_rho__seeding_regime,0.014232328656940732,0.014349815930959044,0.014466524339987295
C-D5,mean_total_shift,shapley_share__message_condition,0.2881053524487774,0.28985386392028323,0.2916873021661739
C-D5,mean_total_shift,shapley_share__seeding_regime,0.7073829898287496,0.7092892217775866,0.7109784870436917
C-D5,mean_total_shift,tau,0.01749614913909001,0.017635316504666272,0.0177740616684774
C-D50,conversion_rate,main_rho__message_condition,1.0,1.0,1.0
C-D50,conversion_rate,main_rho__seeding_regime,1.0,1.0,1.0
C-D50,conversion_rate,main_share__message_condition,0.09575958714006394,0.0975329338563248,0.09927627706836467
C-D50,conversion_rate,main_share__seeding_regime,0.7480914639686913,0.7521680541689676,0.7562359907603288
C-D50,conversion_rate,omega,1.0,1.0,1.0
C-D50,conversion_rate,shapley_rho__message_condition,1.0,1.0,1.0
C-D50,conversion_rate,shapley_rho__seeding_regime,1.0,1.0,1.0
C-D50,conversion_rate,shapley_share__message_condition,0.16861850974101286,0.1715478932109634,0.17429211347255244
C-D50,conversion_rate,shapley_share__seeding_regime,0.8236803026557284,0.8264763812259844,0.8293152246673132
C-D50,conversion_rate,tau,1.0,1.0,1.0
C-D50,mean_signed_shift,main_rho__message_condition,1.0,1.0,1.0
C-D50,mean_signed_shift,main_rho__seeding_regime,1.0,1.0,1.0
C-D50,mean_signed_shift,main_share__message_condition,0.07493866246938642,0.07544540522164538,0.07592651178490235
C-D50,mean_signed_shift,main_share__seeding_regime,0.8228206343224214,0.8239173252870589,0.825052995837489
C-D50,mean_signed_shift,omega,1.0,1.0,1.0
C-D50,mean_signed_shift,shapley_rho__message_condition,1.0,1.0,1.0
C-D50,mean_signed_shift,shapley_rho__seeding_regime,1.0,1.0,1.0
C-D50,mean_signed_shift,shapley_share__message_condition,0.1240846819003446,0.12490426551364456,0.12568746946804515
C-D50,mean_signed_shift,shapley_share__seeding_regime,0.8730157027380793,0.8737681639812955,0.8745878875560845
C-D50,mean_signed_shift,tau,1.0,1.0,1.0
C-D50,mean_total_shift,main_rho__message_condition,1.0,1.0,1.0
C-D50,mean_total_shift,main_rho__seeding_regime,1.0,1.0,1.0
C-D50,mean_total_shift,main_share__message_condition,0.08112787849196022,0.0814894457384667,0.08182300986128983
C-D50,mean_total_shift,main_share__seeding_regime,0.824600939625929,0.8253978307192198,0.826197418499633
C-D50,mean_total_shift,omega,1.0,1.0,1.0
C-D50,mean_total_shift,shapley_rho__message_condition,1.0,1.0,1.0
C-D50,mean_total_shift,shapley_rho__seeding_regime,1.0,1.0,1.0
C-D50,mean_total_shift,shapley_share__message_condition,0.12704062791458876,0.1276213730002203,0.1281951259668232
C-D50,mean_total_shift,shapley_share__seeding_regime,0.8711647018619181,0.8717194783420064,0.8723002759165993
C-D50,mean_total_shift,tau,1.0,1.0,1.0
CS-0,conversion_rate,main_rho__message_condition,0.19456348771093537,0.20245061477133036,0.21125755369565102
CS-0,conversion_rate,main_rho__seeding_regime,2.5376521309423234e-05,7.148885065054802e-05,0.00014203011808200643
CS-0,conversion_rate,main_share__message_condition,0.9524966358367505,0.961036618710606,0.9683003417679974
CS-0,conversion_rate,main_share__seeding_regime,0.0009260481402737398,0.0026195869361057976,0.005172742299542751
CS-0,conversion_rate,omega,0.5673360573047921,0.6164640064675667,0.6706862785513185
CS-0,conversion_rate,shapley_rho__message_condition,0.11155946329804174,0.11611675479582198,0.12131455635403697
CS-0,conversion_rate,shapley_rho__seeding_regime,0.00016912341222072186,0.00023393124021272124,0.0003140106593660255
CS-0,conversion_rate,shapley_share__message_condition,0.9623051834069872,0.9692736767908972,0.9750498493371579
CS-0,conversion_rate,shapley_share__seeding_regime,0.006750727162382975,0.00941086886708819,0.01254160328948615
CS-0,conversion_rate,tau,0.019818672381625105,0.020564413584636967,0.0213930083396523
CS-0,mean_signed_shift,main_rho__message_condition,0.4025414070206853,0.40708477798535125,0.4120418341558486
CS-0,mean_signed_shift,main_rho__seeding_regime,3.521621807263021e-05,5.086724118355042e-05,6.98561816411041e-05
CS-0,mean_signed_shift,main_share__message_condition,0.9824438840096419,0.984041061049332,0.9856302933978024
CS-0,mean_signed_shift,main_share__seeding_regime,0.0009362355310963315,0.001341398214759956,0.0018379728752056267
CS-0,mean_signed_shift,omega,0.4674296091769535,0.5042118155994166,0.5514790586807801
CS-0,mean_signed_shift,shapley_rho__message_condition,0.2433857258273414,0.2463416774369202,0.24936093068445284
CS-0,mean_signed_shift,shapley_rho__seeding_regime,6.174296003651206e-05,8.110098784809637e-05,0.00010315521331987416
CS-0,mean_signed_shift,shapley_share__message_condition,0.9843508613405169,0.9857888329308493,0.9871528754972528
CS-0,mean_signed_shift,shapley_share__seeding_regime,0.0017410104200099575,0.0022706298220369087,0.0028702341080631797
CS-0,mean_signed_shift,tau,0.030860672574317755,0.031211542626519664,0.031576031644446785
CS-0,mean_total_shift,main_rho__message_condition,0.5916020675281071,0.5956199500775496,0.599302016393704
CS-0,mean_total_shift,main_rho__seeding_regime,0.00024127879320352618,0.00026720247938749766,0.00029277278421284696
CS-0,mean_total_shift,main_share__message_condition,0.9896093182386115,0.9903370952338295,0.991042268042714
CS-0,mean_total_shift,main_share__seeding_regime,0.004056440798277543,0.004499505215702473,0.004932542190949235
CS-0,mean_total_shift,omega,0.4483776264487652,0.4882395404679591,0.5355294570155167
CS-0,mean_total_shift,shapley_rho__message_condition,0.3777180350218418,0.38061299351766886,0.3831664977298899
CS-0,mean_total_shift,shapley_rho__seeding_regime,0.00025915863087801536,0.00028765433556679184,0.00031488063455813083
CS-0,mean_total_shift,shapley_share__message_condition,0.9905404723354875,0.9911947652977804,0.9917975073011567
CS-0,mean_total_shift,shapley_share__seeding_regime,0.004617849389342716,0.005115917420435002,0.005598100110241707
CS-0,mean_total_shift,tau,0.04870005042972667,0.049009784416190555,0.04927373465888925
CS-15,conversion_rate,main_rho__message_condition,0.19118898639250226,0.1991490447059423,0.20757405415701016
CS-15,conversion_rate,main_rho__seeding_regime,0.008684924086406401,0.009319574430663245,0.009952916372082636
CS-15,conversion_rate,main_share__message_condition,0.6784177869165481,0.6934477267139665,0.7087422159409171
CS-15,conversion_rate,main_share__seeding_regime,0.2353969737687915,0.24974414747811383,0.2630490286596185
CS-15,conversion_rate,omega,0.5684582626339959,0.6166133564188755,0.6694001935933847
CS-15,conversion_rate,shapley_rho__message_condition,0.11201217342017662,0.11676389559336098,0.12161744727631524
CS-15,conversion_rate,shapley_rho__seeding_regime,0.0085640430847988,0.009177777249334966,0.00980740928058391
CS-15,conversion_rate,shapley_share__message_condition,0.7012038767872797,0.7149116093590024,0.7294532536118884
CS-15,conversion_rate,shapley_share__seeding_regime,0.25605639075276293,0.2706128844786445,0.28371272814091514
CS-15,conversion_rate,tau,0.027034974392457316,0.02803617471621466,0.029103674326639732
CS-15,mean_signed_shift,main_rho__message_condition,0.39102090327502664,0.39564503909545945,0.40056929235111177
CS-15,mean_signed_shift,main_rho__seeding_regime,0.013544849191558937,0.013821065708626849,0.014084978696856444
CS-15,mean_signed_shift,main_share__message_condition,0.6880954905650986,0.692822317233073,0.6974977346508514
CS-15,mean_signed_shift,main_share__seeding_regime,0.2603784252274212,0.2642623055034047,0.268191027752993
CS-15,mean_signed_shift,omega,0.4940044260942687,0.5336196763195007,0.5791284655290958
CS-15,mean_signed_shift,shapley_rho__message_condition,0.24204628790832303,0.24499155807858136,0.24812225130068355
CS-15,mean_signed_shift,shapley_rho__seeding_regime,0.013589588538697017,0.013881954117017346,0.014154174477595012
CS-15,mean_signed_shift,shapley_share__message_condition,0.7061168466927672,0.7103328914797251,0.7145137608653357
CS-15,mean_signed_shift,shapley_share__seeding_regime,0.2772741829519717,0.2814413033232467,0.28565680406337646
CS-15,mean_signed_shift,tau,0.042640535433822624,0.04308229701915959,0.04351653532363971
CS-15,mean_total_shift,main_rho__message_condition,0.5682751941910206,0.5722199434394997,0.575891369052642
CS-15,mean_total_shift,main_rho__seeding_regime,0.016298234728235734,0.016516080506200702,0.01669401184672236
CS-15,mean_total_shift,main_share__message_condition,0.7489159044902886,0.7513445542327741,0.7539353457610697
CS-15,mean_total_shift,main_share__seeding_regime,0.2174484735535094,0.21956318087773274,0.22166223088483206
CS-15,mean_total_shift,omega,0.46897056228911177,0.5054733292853775,0.5476771150207137
CS-15,mean_total_shift,shapley_rho__message_condition,0.36894361660494535,0.37176062195669113,0.3743120812372256
CS-15,mean_total_shift,shapley_rho__seeding_regime,0.01634290649252647,0.016570155349925328,0.016759800207503242
CS-15,mean_total_shift,shapley_share__message_condition,0.7623051474239602,0.7645580767266607,0.7668953092529478
CS-15,mean_total_shift,shapley_share__seeding_regime,0.23037067072491887,0.23267461368616674,0.23490459659718543
CS-15,mean_total_shift,tau,0.06172017975490155,0.06204994612358342,0.062401978394506695
CS-30,conversion_rate,main_rho__message_condition,0.1919452389877402,0.19967006939509188,0.2079658153840642
CS-30,conversion_rate,main_rho__seeding_regime,0.037990895431267734,0.03930155145474479,0.040555736263547026
CS-30,conversion_rate,main_share__message_condition,0.3512994195131512,0.36101275875999284,0.3708457714667482
CS-30,conversion_rate,main_share__seeding_regime,0.5370649459409572,0.5474249870879409,0.5586609780250165
CS-30,conversion_rate,omega,0.5605896097725824,0.6114730334895598,0.6591309986441968
CS-30,conversion_rate,shapley_rho__message_condition,0.12157992016892331,0.12663758821402604,0.1318315583027525
CS-30,conversion_rate,shapley_rho__seeding_regime,0.037186107571486084,0.03846328387304127,0.039690618278897416
CS-30,conversion_rate,shapley_share__message_condition,0.39224028534300154,0.4025560076170398,0.4126523596357599
CS-30,conversion_rate,shapley_share__seeding_regime,0.5786353902728805,0.5884847583817071,0.5986808783203144
CS-30,conversion_rate,tau,0.05244309619458759,0.05393860779748726,0.05555944515370908
CS-30,mean_signed_shift,main_rho__message_condition,0.382186296185654,0.3862230079481871,0.39080605598304125
CS-30,mean_signed_shift,main_rho__seeding_regime,0.057155810421698344,0.05770496752640915,0.058226877965536786
CS-30,mean_signed_shift,main_share__message_condition,0.34678751628083065,0.34943473180512497,0.3522212256332317
CS-30,mean_signed_shift,main_share__seeding_regime,0.5674808239161684,0.5702621898978721,0.5728032630230787
CS-30,mean_signed_shift,omega,0.4748727844521183,0.5136875935900589,0.5590252853629551
CS-30,mean_signed_shift,shapley_rho__message_condition,0.2558375774211368,0.2585399129025484,0.2616131445485111
CS-30,mean_signed_shift,shapley_rho__seeding_regime,0.05748061970754514,0.05803771735847214,0.05857608159753107
CS-30,mean_signed_shift,shapley_share__message_condition,0.38483960348316854,0.38737018353285035,0.39018906865533737
CS-30,mean_signed_shift,shapley_share__seeding_regime,0.6055358062136715,0.6082343175166736,0.610800496834107
CS-30,mean_signed_shift,tau,0.08272300035231633,0.08336590059074027,0.08408650284476145
CS-30,mean_total_shift,main_rho__message_condition,0.5355159014556922,0.5391380437046956,0.5427016205539932
CS-30,mean_total_shift,main_rho__seeding_regime,0.07433742445301049,0.07476951363670047,0.07515061900584134
CS-30,mean_total_shift,main_share__message_condition,0.3861380600564847,0.38770296190484943,0.3892949781862712
CS-30,mean_total_shift,main_share__seeding_regime,0.5430892786094658,0.544575689701093,0.5461394166407931
CS-30,mean_total_shift,omega,0.45426954199960806,0.4938531617772272,0.5397338515444547
CS-30,mean_total_shift,shapley_rho__message_condition,0.37081641983588637,0.3736513834915344,0.376169819003012
CS-30,mean_total_shift,shapley_rho__seeding_regime,0.07464876938668812,0.07509359116308525,0.07549117984929034
CS-30,mean_total_shift,shapley_share__message_condition,0.4192580198619872,0.42077510885586683,0.4222727068604893
CS-30,mean_total_shift,shapley_share__seeding_regime,0.5761517762579877,0.5776460710198625,0.5792257609727337
CS-30,mean_total_shift,tau,0.11275003821388405,0.11331756810151788,0.11386963572786157
CS-45,conversion_rate,main_rho__message_condition,0.18822934956808887,0.19577136645492732,0.20304674326033817
CS-45,conversion_rate,main_rho__seeding_regime,0.09120943310608039,0.09321350496964916,0.09521471290689083
CS-45,conversion_rate,main_share__message_condition,0.1847745280007577,0.19068013241849135,0.1959980191063611
CS-45,conversion_rate,main_share__seeding_regime,0.6925521123117225,0.7001289430765758,0.7088630104279848
CS-45,conversion_rate,omega,0.5437087856347782,0.590785758103634,0.6501009140216414
CS-45,conversion_rate,shapley_rho__message_condition,0.13640827482342846,0.1418338861853055,0.1473479794466893
CS-45,conversion_rate,shapley_rho__seeding_regime,0.0891510046388269,0.09116971222994782,0.09317116485056454
CS-45,conversion_rate,shapley_share__message_condition,0.23620431193277344,0.2430313141401781,0.24932251788599752
CS-45,conversion_rate,shapley_share__seeding_regime,0.7461097455681216,0.7524475064333762,0.7595348964486658
CS-45,conversion_rate,tau,0.09787409221588274,0.10009036381242137,0.10230895087222981
CS-45,mean_signed_shift,main_rho__message_condition,0.3690945874025985,0.3729979079422029,0.3772983749735046
CS-45,mean_signed_shift,main_rho__seeding_regime,0.12969887066967942,0.13044026370268413,0.131210405589197
CS-45,mean_signed_shift,main_share__message_condition,0.18566252845896797,0.18698241536206095,0.18842558042760274
CS-45,mean_signed_shift,main_share__seeding_regime,0.7121255848776236,0.7141328844030392,0.7161435561345336
CS-45,mean_signed_shift,omega,0.46502283492458324,0.5038344264196988,0.5485012619449058
CS-45,mean_signed_shift,shapley_rho__message_condition,0.2799692426159032,0.28303368703994924,0.2863251446897379
CS-45,mean_signed_shift,shapley_rho__seeding_regime,0.13053521551597425,0.13130216135421643,0.132086771469475
CS-45,mean_signed_shift,shapley_share__message_condition,0.23332264625553892,0.23491186570228145,0.23656356099191692
CS-45,mean_signed_shift,shapley_share__seeding_regime,0.7606729058260714,0.7623639125705567,0.7640647661968883
CS-45,mean_signed_shift,tau,0.14961266742073445,0.15049597680973192,0.15142524990973813
CS-45,mean_total_shift,main_rho__message_condition,0.4847935013318909,0.4878605058965195,0.4908319714169433
CS-45,mean_total_shift,main_rho__seeding_regime,0.17865407733369887,0.17930939829520232,0.18001417452398666
CS-45,mean_total_shift,main_share__message_condition,0.1921166827630847,0.1928477920987151,0.1936282752459856
CS-45,mean_total_shift,main_share__seeding_regime,0.7169959848463154,0.7180115715538131,0.7190217637264188
CS-45,mean_total_shift,omega,0.45541573449974704,0.4962258500687602,0.5411917764692722
CS-45,mean_total_shift,shapley_rho__message_condition,0.37994994426423845,0.3825666472715878,0.38503832982741426
CS-45,mean_total_shift,shapley_rho__seeding_regime,0.17953666993690748,0.18021599136968405,0.18091218565268996
CS-45,mean_total_shift,shapley_share__message_condition,0.23601572914742217,0.23686635201583428,0.23773552963176436
CS-45,mean_total_shift,shapley_share__seeding_regime,0.7612757594609029,0.7621499647413261,0.7629852062828348
CS-45,mean_total_shift,tau,0.20528453621237405,0.2061126649240651,0.20694966388414218
CS-45-R,conversion_rate,main_rho__message_condition,0.20682943207997603,0.21582205906293778,0.22487228700342482
CS-45-R,conversion_rate,main_rho__seeding_regime,0.10307625031155561,0.1057308340197441,0.10852210907405765
CS-45-R,conversion_rate,main_share__message_condition,0.18028986702175895,0.18551310077551655,0.19058748576741485
CS-45-R,conversion_rate,main_share__seeding_regime,0.6932276830075353,0.700814349030839,0.7086858844825268
CS-45-R,conversion_rate,omega,0.5420474580445835,0.5918498736351806,0.6462741101121614
CS-45-R,conversion_rate,shapley_rho__message_condition,0.1517932620161438,0.158162951560962,0.16509585780453614
CS-45-R,conversion_rate,shapley_rho__seeding_regime,0.10115385079164001,0.10369736690284365,0.10640430178677153
CS-45-R,conversion_rate,shapley_share__message_condition,0.23272600139523036,0.23917422316430847,0.24512957836802704
CS-45-R,conversion_rate,shapley_share__seeding_regime,0.7490058209966345,0.7550497934248747,0.7616558536289769
CS-45-R,conversion_rate,tau,0.11068280215512229,0.11344736863197291,0.11630830091713415
CS-45-R,mean_signed_shift,main_rho__message_condition,0.4148924954017732,0.42068411403071504,0.42635103737325825
CS-45-R,mean_signed_shift,main_rho__seeding_regime,0.14685419400780503,0.14802250448624654,0.1490666087975605
CS-45-R,mean_signed_shift,main_share__message_condition,0.1832756718331271,0.18459946948178146,0.1859734702786175
CS-45-R,mean_signed_shift,main_share__seeding_regime,0.7076952409947831,0.709557079368232,0.711401622676273
CS-45-R,mean_signed_shift,omega,0.4708401165561967,0.5131400898532509,0.5641756901318049
CS-45-R,mean_signed_shift,shapley_rho__message_condition,0.3204155201274418,0.32505743361745837,0.32957946729765075
CS-45-R,mean_signed_shift,shapley_rho__seeding_regime,0.14854554270369727,0.14977881407784102,0.15084785464889844
CS-45-R,mean_signed_shift,shapley_share__message_condition,0.23464035359522714,0.23616313335596018,0.2377581108691331
CS-45-R,mean_signed_shift,shapley_share__seeding_regime,0.7598372367024215,0.7614256766786116,0.7629722203444959
CS-45-R,mean_signed_shift,tau,0.17032069729462715,0.17191387693965296,0.17314058510221708
CS-45-R,mean_total_shift,main_rho__message_condition,0.547481578458823,0.5519554379082015,0.5562803059219664
CS-45-R,mean_total_shift,main_rho__seeding_regime,0.21174990843951974,0.21283867581408344,0.21381169619047277
CS-45-R,mean_total_shift,main_share__message_condition,0.18416503989819374,0.18483863532354144,0.18548860804421757
CS-45-R,mean_total_shift,main_share__seeding_regime,0.7210195953573401,0.7218809170366102,0.7228117429912342
CS-45-R,mean_total_shift,omega,0.4379699535175049,0.4814752107203437,0.5339322639323747
CS-45-R,mean_total_shift,shapley_rho__message_condition,0.4365745535814024,0.44057492224673195,0.44420356791802484
CS-45-R,mean_total_shift,shapley_rho__seeding_regime,0.2133196192025374,0.21445938675552415,0.21547153330403285
CS-45-R,mean_total_shift,shapley_share__message_condition,0.23029403004131882,0.23104437492447427,0.23178741495927283
CS-45-R,mean_total_shift,shapley_share__seeding_regime,0.7674560351854866,0.7682082445521994,0.7689589310178612
CS-45-R,mean_total_shift,tau,0.24203177723089522,0.2433807402742032,0.24458348972860366
D-A95,conversion_rate,main_rho__message_condition,0.7314311703673304,0.7531671253916076,0.7787104448599587
D-A95,conversion_rate,main_rho__seeding_regime,0.0002871519386627791,0.00047490931606691193,0.0007296617232405978
D-A95,conversion_rate,main_share__message_condition,0.9644482119460117,0.9703607298451793,0.9748368137878783
D-A95,conversion_rate,main_share__seeding_regime,0.0028710729535681434,0.0047328406238909375,0.007232851928794011
D-A95,conversion_rate,omega,0.9886418792176419,1.071204296276318,1.168911274891422
D-A95,conversion_rate,shapley_rho__message_condition,0.417196032106708,0.4299642222164432,0.4449081291220622
D-A95,conversion_rate,shapley_rho__seeding_regime,0.000609723708232996,0.0008119611467233127,0.001068262785092663
D-A95,conversion_rate,shapley_share__message_condition,0.9699180275340626,0.9749277842552693,0.978573452730775
D-A95,conversion_rate,shapley_share__seeding_regime,0.006648218180918397,0.00888220210231003,0.011570392370040327
D-A95,conversion_rate,tau,0.07375069618779242,0.07571869904544656,0.07787079361881107
D-A95,mean_signed_shift,main_rho__message_condition,1.3882753718255072,1.4011341695209691,1.4152301727565937
D-A95,mean_signed_shift,main_rho__seeding_regime,0.0005392787364491565,0.0006173980789625803,0.0006947487578091999
D-A95,mean_signed_shift,main_share__message_condition,0.9806689154676217,0.9820150821228781,0.9832694554491069
D-A95,mean_signed_shift,main_share__seeding_regime,0.00412662193773785,0.00472603566950555,0.00530224792954296
D-A95,mean_signed_shift,omega,0.9179130543380511,0.9959924691782893,1.077859800084695
D-A95,mean_signed_shift,shapley_rho__message_condition,0.8396489067408704,0.8478483164837294,0.8569598751128946
D-A95,mean_signed_shift,shapley_rho__seeding_regime,0.0006373292114031594,0.000723852107326503,0.0008120859156451332
D-A95,mean_signed_shift,shapley_share__message_condition,0.9826374241853193,0.9838319320021702,0.9849736319603766
D-A95,mean_signed_shift,shapley_share__seeding_regime,0.005178898546938149,0.005875124929095836,0.006567964423178972
D-A95,mean_signed_shift,tau,0.10671923256521676,0.10765504222614056,0.10848953608851039
D-A95,mean_total_shift,main_rho__message_condition,1.6717024358332746,1.681824158464893,1.6928534204878098
D-A95,mean_total_shift,main_rho__seeding_regime,0.001651508007983894,0.0017390964573714448,0.0018301338494411522
D-A95,mean_total_shift,main_share__message_condition,0.9828990114934124,0.9836603365571512,0.9843785745177083
D-A95,mean_total_shift,main_share__seeding_regime,0.009785663122278748,0.01030636871998922,0.010831112203686249
D-A95,mean_total_shift,omega,0.8528316211003287,0.9236555972494871,1.0030378037366647
D-A95,mean_total_shift,shapley_rho__message_condition,1.0683118731755301,1.0752760748363754,1.08280428377169
D-A95,mean_total_shift,shapley_rho__seeding_regime,0.001735143909785554,0.0018296984495573673,0.0019265891665122066
D-A95,mean_total_shift,shapley_share__message_condition,0.9842952985174169,0.9849951906596939,0.9856284449644632
D-A95,mean_total_shift,shapley_share__seeding_regime,0.010874576013405428,0.011446747537369205,0.012063464568276974
D-A95,mean_total_shift,tau,0.13863553484662564,0.13935581126726704,0.14001979558208708
E-S,conversion_rate,main_rho__message_condition,0.14218918816476744,0.15106741437274573,0.16060098863485786
E-S,conversion_rate,main_rho__seeding_regime,0.9598135884657041,0.9709090709019483,0.9819308385852338
E-S,conversion_rate,main_share__message_condition,0.01801715186948262,0.019087971002079814,0.020150299244928106
E-S,conversion_rate,main_share__seeding_regime,0.9429592383055015,0.9458971255097455,0.9485198971599809
E-S,conversion_rate,omega,0.9243031018161575,1.0007315462851394,1.080661377788901
E-S,conversion_rate,shapley_rho__message_condition,0.149639382030662,0.15826491735676917,0.16752619512938663
E-S,conversion_rate,shapley_rho__seeding_regime,0.8888772662614515,0.8991845549582664,0.9096735178618023
E-S,conversion_rate,shapley_share__message_condition,0.033426577166779076,0.03515231778364783,0.036959079254073504
E-S,conversion_rate,shapley_share__seeding_regime,0.9605191641273314,0.9624887111673782,0.96434484342401
E-S,conversion_rate,tau,0.7623945801057751,0.7721068149455141,0.782101321366981
E-S,mean_signed_shift,main_rho__message_condition,0.2095161879195071,0.21388758003189803,0.218149838637362
E-S,mean_signed_shift,main_rho__seeding_regime,1.080043104949247,1.08357128285934,1.0869032632398623
E-S,mean_signed_shift,main_share__message_condition,0.016957490531034777,0.017312026842995605,0.017639566131186977
E-S,mean_signed_shift,main_share__seeding_regime,0.9568790464815062,0.9577539085765616,0.9587295064201767
E-S,mean_signed_shift,omega,0.9313037375751523,0.9911457513129376,1.0632253502135152
E-S,mean_signed_shift,shapley_rho__message_condition,0.21065445038357103,0.21548764128084252,0.21983561157581
E-S,mean_signed_shift,shapley_rho__seeding_regime,1.0310262801029262,1.0345845623846817,1.0379132850052903
E-S,mean_signed_shift,shapley_share__message_condition,0.028263525920276675,0.028885753603215176,0.02945541459479557
E-S,mean_signed_shift,shapley_share__seeding_regime,0.9691729676097434,0.9697816901581613,0.9704627202795059
E-S,mean_signed_shift,tau,0.9287149182572981,0.9321459181107706,0.93575295151367
E-S,mean_total_shift,main_rho__message_condition,0.07968947974612509,0.08163952194224308,0.08345083641699831
E-S,mean_total_shift,main_rho__seeding_regime,1.0592059254023851,1.0616808537493951,1.0640280518439873
E-S,mean_total_shift,main_share__message_condition,0.007279354010879335,0.007444831963809746,0.007601917023856568
E-S,mean_total_shift,main_share__seeding_regime,0.9803704341817879,0.9807985568396762,0.9812549305808969
E-S,mean_total_shift,omega,0.9335000802359678,1.0011178332696855,1.072482907238575
E-S,mean_total_shift,shapley_rho__message_condition,0.08766473324176237,0.08985208473876087,0.09183372230533769
E-S,mean_total_shift,shapley_rho__seeding_regime,1.0085548252245393,1.011053137115971,1.0133792914804345
E-S,mean_total_shift,shapley_share__message_condition,0.012537216857569151,0.01283213925859526,0.01310962143735727
E-S,mean_total_shift,shapley_share__seeding_regime,0.9861376105681458,0.9864319290952739,0.986753878657969
E-S,mean_total_shift,tau,0.8909830085348487,0.8935224804408952,0.8957326815820765
E-SD,conversion_rate,main_rho__message_condition,0.00010001465648434014,0.00017346975518715293,0.0002703714500917451
E-SD,conversion_rate,main_rho__seeding_regime,1.865048855010274e-08,7.170864677227145e-07,3.6871131335389085e-06
E-SD,conversion_rate,main_share__message_condition,0.10000730640125824,0.16705649251964597,0.2479520578323341
E-SD,conversion_rate,main_share__seeding_regime,0.00013795944854467398,0.005254992018832665,0.026937741364130487
E-SD,conversion_rate,omega,0.07475753005184713,0.08144945735549562,0.08868026456618906
E-SD,conversion_rate,shapley_rho__message_condition,0.00016829760197921247,0.00022196257554966245,0.00028684429121694446
E-SD,conversion_rate,shapley_rho__seeding_regime,1.842379063064953e-05,2.4178010486875824e-05,3.1130940460286255e-05
E-SD,conversion_rate,shapley_share__message_condition,0.3170303231228429,0.37445072633038456,0.4393176010393383
E-SD,conversion_rate,shapley_share__seeding_regime,0.163792712679609,0.19735891837622915,0.23428606749075442
E-SD,conversion_rate,tau,8.454944784687869e-05,0.00010147988694362505,0.00012275242780498952
E-SD,mean_signed_shift,main_rho__message_condition,0.000919255191600455,0.0009823124296381332,0.0010504502974941882
E-SD,mean_signed_shift,main_rho__seeding_regime,1.8572326309900665e-09,5.3939734715206457e-08,3.1185025109416337e-07
E-SD,mean_signed_shift,main_share__message_condition,0.8613803627373585,0.8820790463879077,0.9014754501904081
E-SD,mean_signed_shift,main_share__seeding_regime,1.8019315481246597e-05,0.0005223189105189398,0.0031092447446435883
E-SD,mean_signed_shift,omega,0.04203512836452578,0.045966936155958274,0.04993858861303002
E-SD,mean_signed_shift,shapley_rho__message_condition,0.0005695889442940676,0.0006086079456612438,0.0006509260834539778
E-SD,mean_signed_shift,shapley_rho__seeding_regime,1.546629999272631e-06,2.0040050520302042e-06,2.5607133447805498e-06
E-SD,mean_signed_shift,shapley_share__message_condition,0.8887690882417338,0.9054406479765149,0.9224622748225167
E-SD,mean_signed_shift,shapley_share__seeding_regime,0.01610951214902799,0.020796619049268092,0.02598880097551366
E-SD,mean_signed_shift,tau,7.867049496078941e-05,8.391042471858672e-05,8.946864542467207e-05
E-SD,mean_total_shift,main_rho__message_condition,0.0001989195192778197,0.00022251690620396364,0.00024607124791371993
E-SD,mean_total_shift,main_rho__seeding_regime,1.251249336549024e-08,1.0941972241694374e-07,3.4600329705874867e-07
E-SD,mean_total_shift,main_share__message_condition,0.746230737441518,0.7869080870121958,0.8240194741765503
E-SD,mean_total_shift,main_share__seeding_regime,0.00044617565059125095,0.003973101895334527,0.012660875378075039
E-SD,mean_total_shift,omega,0.04912021529994205,0.05356924568177007,0.05823536994026625
E-SD,mean_total_shift,shapley_rho__message_condition,0.00013565615131131718,0.0001511309557912174,0.00016558325173108497
E-SD,mean_total_shift,shapley_rho__seeding_regime,8.792155428735758e-07,1.1657893872896633e-06,1.5313223061536199e-06
E-SD,mean_total_shift,shapley_share__message_condition,0.8032085240410585,0.8355569533277163,0.8658514534207972
E-SD,mean_total_shift,shapley_share__seeding_regime,0.03399402024764646,0.044176785493368065,0.056640094001391667
E-SD,mean_total_shift,tau,2.095735835096433e-05,2.30811001867354e-05,2.519023825512676e-05
J-S06-D05,conversion_rate,main_rho__message_condition,1.0237175840301572e-05,2.711830637964515e-05,5.385615048064146e-05
J-S06-D05,conversion_rate,main_rho__seeding_regime,3.1513786453910615e-08,5.001198030113274e-07,2.03175773327129e-06
J-S06-D05,conversion_rate,main_share__message_condition,0.02899266428879665,0.07205640692399162,0.1341786687759224
J-S06-D05,conversion_rate,main_share__seeding_regime,0.0006811249587991794,0.010390450177701429,0.04116468337459483
J-S06-D05,conversion_rate,omega,0.02794988355147216,0.030398903974258908,0.03343419611544919
J-S06-D05,conversion_rate,shapley_rho__message_condition,5.136751855165565e-05,6.687110589404684e-05,8.852287098848888e-05
J-S06-D05,conversion_rate,shapley_rho__seeding_regime,6.993895520735709e-06,9.331460779072884e-06,1.2101721722248955e-05
J-S06-D05,conversion_rate,shapley_share__message_condition,0.2646844681278464,0.31195151685075984,0.36225908730577405
J-S06-D05,conversion_rate,shapley_share__seeding_regime,0.17416839367479323,0.20951159296876853,0.2504485254430723
J-S06-D05,conversion_rate,tau,2.979674503643847e-05,3.672258274830727e-05,4.535913127350539e-05
J-S06-D05,mean_signed_shift,main_rho__message_condition,0.00013684594419221022,0.00014832015572627353,0.0001590695951760301
J-S06-D05,mean_signed_shift,main_rho__seeding_regime,2.689589045956842e-10,7.1018470905466596e-09,4.213743166912061e-08
J-S06-D05,mean_signed_shift,main_share__message_condition,0.8418741831262349,0.8649394090091244,0.8881823036665454
J-S06-D05,mean_signed_shift,main_share__seeding_regime,1.6917960190616823e-05,0.00045411249598695485,0.002764144075231869
J-S06-D05,mean_signed_shift,omega,0.007468179070744775,0.008094552885501765,0.008830060483734449
J-S06-D05,mean_signed_shift,shapley_rho__message_condition,8.549062537225375e-05,9.236641191434415e-05,9.89427941270767e-05
J-S06-D05,mean_signed_shift,shapley_rho__seeding_regime,2.582138371694767e-07,3.37492441371437e-07,4.31715884091917e-07
J-S06-D05,mean_signed_shift,shapley_share__message_condition,0.8722869203724081,0.891749383376544,0.910433395330415
J-S06-D05,mean_signed_shift,shapley_share__seeding_regime,0.017791722882201138,0.022714453770583308,0.029049889439489218
J-S06-D05,mean_signed_shift,tau,1.2100765075002896e-05,1.2924523972934895e-05,1.383670940576656e-05
J-S06-D05,mean_total_shift,main_rho__message_condition,3.277522719525635e-05,3.70034546463017e-05,4.127530014923667e-05
J-S06-D05,mean_total_shift,main_rho__seeding_regime,2.39591651555209e-10,6.800820029173885e-09,3.431521278022091e-08
J-S06-D05,mean_total_shift,main_share__message_condition,0.7075083368583323,0.7510312006424223,0.7937826162190068
J-S06-D05,mean_total_shift,main_share__seeding_regime,4.956274560880805e-05,0.0014233881731500898,0.007135411154138019
J-S06-D05,mean_total_shift,omega,0.009448270999626389,0.01024149749395878,0.011189671224927434
J-S06-D05,mean_total_shift,shapley_rho__message_condition,2.26856388753276e-05,2.5304782253156795e-05,2.8135567696289023e-05
J-S06-D05,mean_total_shift,shapley_rho__seeding_regime,1.660002474428743e-07,2.1616899205528992e-07,2.71391476502721e-07
J-S06-D05,mean_total_shift,shapley_share__message_condition,0.7683358746340265,0.8052931261238723,0.8403176545862531
J-S06-D05,mean_total_shift,shapley_share__seeding_regime,0.03600981568905331,0.047076699524348044,0.05810389852587737
J-S06-D05,mean_total_shift,tau,3.65110056643055e-06,4.01811721454819e-06,4.416693641301531e-06
J-S06-D50,conversion_rate,main_rho__message_condition,0.0020452508015600212,0.002663725482660452,0.003319548292684507
J-S06-D50,conversion_rate,main_rho__seeding_regime,1.9235230124840775e-07,4.219250885576962e-06,1.8939653709401903e-05
J-S06-D50,conversion_rate,main_share__message_condition,0.42274020258560485,0.5042592051425161,0.5761950953098297
J-S06-D50,conversion_rate,main_share__seeding_regime,0.0002830700088979842,0.005981391250731809,0.02652291048394311
J-S06-D50,conversion_rate,omega,0.24368483659365184,0.2649147692565251,0.28655940202301666
J-S06-D50,conversion_rate,shapley_rho__message_condition,0.0015090260354581374,0.0018695838078896013,0.002250059413238154
J-S06-D50,conversion_rate,shapley_rho__seeding_regime,5.497444469215142e-05,7.379721185690643e-05,9.708542085718655e-05
J-S06-D50,conversion_rate,shapley_share__message_condition,0.554654979400605,0.622664669024364,0.6821221812401613
J-S06-D50,conversion_rate,shapley_share__seeding_regime,0.09112817252482974,0.1183216629477149,0.1491074501494177
J-S06-D50,conversion_rate,tau,0.00044022834251682445,0.0005163199973349153,0.0005995792093756285
J-S06-D50,mean_signed_shift,main_rho__message_condition,0.013067888168610845,0.013404708617034067,0.013758422709495111
J-S06-D50,mean_signed_shift,main_rho__seeding_regime,1.0604007179996942e-07,6.232965431825675e-07,1.6462795539483833e-06
J-S06-D50,mean_signed_shift,main_share__message_condition,0.9351066189253194,0.9411265440444128,0.9467361620117525
J-S06-D50,mean_signed_shift,main_share__seeding_regime,8.058836053264059e-05,0.0004780846456724324,0.001244132065303732
J-S06-D50,mean_signed_shift,omega,0.07697785689376015,0.08321799319515347,0.09060227315946509
J-S06-D50,mean_signed_shift,shapley_rho__message_condition,0.007921976808501976,0.008127256052503308,0.008338246481421032
J-S06-D50,mean_signed_shift,shapley_rho__seeding_regime,3.1087320929525516e-06,4.091682587232256e-06,5.509515209449954e-06
J-S06-D50,mean_signed_shift,shapley_share__message_condition,0.9390810253007903,0.9448013672483275,0.950238747392351
J-S06-D50,mean_signed_shift,shapley_share__seeding_regime,0.002541665070403944,0.003323934283954737,0.00447477600686594
J-S06-D50,mean_signed_shift,tau,0.0010503347368942214,0.001074502308975286,0.0011002348406929324
J-S06-D50,mean_total_shift,main_rho__message_condition,0.0039953534629014725,0.004106003473119184,0.004224233136967958
J-S06-D50,mean_total_shift,main_rho__seeding_regime,2.2221720840887712e-05,2.54548079614668e-05,2.9033947477125374e-05
J-S06-D50,mean_total_shift,main_share__message_condition,0.8551956247518591,0.8662005277190397,0.8761828483250717
J-S06-D50,mean_total_shift,main_share__seeding_regime,0.04743288305006155,0.054412886684768486,0.06180976149919071
J-S06-D50,mean_total_shift,omega,0.07739564347376432,0.08435016773685142,0.09243858652256194
J-S06-D50,mean_total_shift,shapley_rho__message_condition,0.002566367790327967,0.0026388217280367424,0.002713649896409886
J-S06-D50,mean_total_shift,shapley_rho__seeding_regime,2.2833319761099573e-05,2.5896813262713416e-05,2.9328264862598746e-05
J-S06-D50,mean_total_shift,shapley_share__message_condition,0.8612301717010817,0.8716663006730426,0.8812585088054119
J-S06-D50,mean_total_shift,shapley_share__seeding_regime,0.05159779502398008,0.058341109469146286,0.06608397197364055
J-S06-D50,mean_total_shift,tau,0.00037638789001484644,0.0003866736455545635,0.0003969253353119417
J-S06-D95,conversion_rate,main_rho__message_condition,0.009003873144769213,0.010560376731136472,0.012275424770178393
J-S06-D95,conversion_rate,main_rho__seeding_regime,2.4518750098246613e-05,6.515259418850291e-05,0.00011989180210078937
J-S06-D95,conversion_rate,main_share__message_condition,0.5978335991073812,0.6504214932205417,0.7083723549581427
J-S06-D95,conversion_rate,main_share__seeding_regime,0.011681369611105392,0.03086580063016532,0.05662289335495588
J-S06-D95,conversion_rate,omega,0.41666014171604426,0.4509550629629853,0.49082486698192973
J-S06-D95,conversion_rate,shapley_rho__message_condition,0.0058107181178583345,0.006732994459756918,0.0077210119185205615
J-S06-D95,conversion_rate,shapley_rho__seeding_regime,0.00013689050820423192,0.00018365512237146714,0.00024493755792500034
J-S06-D95,conversion_rate,shapley_share__message_condition,0.6861091225422316,0.7299378440045505,0.7754955946314026
J-S06-D95,conversion_rate,shapley_share__seeding_regime,0.07290708707616202,0.09623834394933095,0.12553744472691958
J-S06-D95,conversion_rate,tau,0.0013930389478536002,0.0015838764603515296,0.0017805268344546496
J-S06-D95,mean_signed_shift,main_rho__message_condition,0.04636327768058675,0.04725733026402122,0.04820903597279259
J-S06-D95,mean_signed_shift,main_rho__seeding_regime,1.1490004981834845e-05,1.6386864338490844e-05,2.154726897497216e-05
J-S06-D95,mean_signed_shift,main_share__message_condition,0.9405433704690184,0.9451904612660078,0.9498093885851973
J-S06-D95,mean_signed_shift,main_share__seeding_regime,0.002521059683040264,0.003578121331832341,0.004723719352699971
J-S06-D95,mean_signed_shift,omega,0.16147170082066697,0.17511916518430287,0.19053039320189247
J-S06-D95,mean_signed_shift,shapley_rho__message_condition,0.028066907276830755,0.028633771126166725,0.02920735704107792
J-S06-D95,mean_signed_shift,shapley_rho__seeding_regime,1.7314197073537296e-05,2.2431656696232314e-05,2.789664999232465e-05
J-S06-D95,mean_signed_shift,shapley_share__message_condition,0.9437783281351207,0.9481805959396146,0.9525714965594175
J-S06-D95,mean_signed_shift,shapley_share__seeding_regime,0.004027977223798208,0.005207101466725195,0.006458533318920471
J-S06-D95,mean_signed_shift,tau,0.0037017186043863284,0.0037722565588364145,0.003843149435335403
J-S06-D95,mean_total_shift,main_rho__message_condition,0.015714195929106306,0.016061624888603045,0.01643581156719158
J-S06-D95,mean_total_shift,main_rho__seeding_regime,0.00015836510064225925,0.00017013189788518663,0.00018220002505252842
J-S06-D95,mean_total_shift,main_share__message_condition,0.8432750167538109,0.8510957804303769,0.8584095776600111
J-S06-D95,mean_total_shift,main_share__seeding_regime,0.085622906204691,0.09138629978255794,0.09733593241161179
J-S06-D95,mean_total_shift,omega,0.15636778312193914,0.16972640722920546,0.18461821796746725
J-S06-D95,mean_total_shift,shapley_rho__message_condition,0.010069469726904074,0.010302235375565457,0.010535648590219843
J-S06-D95,mean_total_shift,shapley_rho__seeding_regime,0.0001534781540049921,0.0001646022850295433,0.00017610055435264275
J-S06-D95,mean_total_shift,shapley_share__message_condition,0.8469059041019398,0.8547858147628749,0.8619627662708077
J-S06-D95,mean_total_shift,shapley_share__seeding_regime,0.08767160127983321,0.09335756441185397,0.09948352220762319
J-S06-D95,mean_total_shift,tau,0.001508656821220244,0.0015387314038166973,0.0015691352228651085
J-S14-D50,conversion_rate,main_rho__message_condition,0.014525522666741515,0.016916524077421252,0.019465931047882246
J-S14-D50,conversion_rate,main_rho__seeding_regime,1.6389945607955103e-05,5.7574897000369884e-05,0.00012510108820084351
J-S14-D50,conversion_rate,main_share__message_condition,0.6248322965647805,0.6772889081956197,0.72592303843449
J-S14-D50,conversion_rate,main_share__seeding_regime,0.004964215287253526,0.017695942388320576,0.03814135600701438
J-S14-D50,conversion_rate,omega,0.5914160113671032,0.6448371241467474,0.699458483510925
J-S14-D50,conversion_rate,shapley_rho__message_condition,0.009253900011455938,0.010609098860562244,0.012070604768701799
J-S14-D50,conversion_rate,shapley_rho__seeding_regime,0.00018176807080256911,0.00024252740573396707,0.0003166825268038386
J-S14-D50,conversion_rate,shapley_share__message_condition,0.7033690126933416,0.7464108898432504,0.7864944872998506
J-S14-D50,conversion_rate,shapley_share__seeding_regime,0.06343608308496855,0.08236824891596031,0.10510053320400281
J-S14-D50,conversion_rate,tau,0.0021490551068342376,0.002445173406401072,0.0027553450413118157
J-S14-D50,mean_signed_shift,main_rho__message_condition,0.08292353657308109,0.08472324040158538,0.08673539617690064
J-S14-D50,mean_signed_shift,main_rho__seeding_regime,2.8521560392512095e-05,4.182236027168918e-05,5.639228533868544e-05
J-S14-D50,mean_signed_shift,main_share__message_condition,0.9339452262700556,0.9399205258759149,0.9455076387543513
J-S14-D50,mean_signed_shift,main_share__seeding_regime,0.0034490585412617625,0.0050754722310978224,0.006834563233101983
J-S14-D50,mean_signed_shift,omega,0.42933566989575733,0.4642320339619025,0.5053999916875094
J-S14-D50,mean_signed_shift,shapley_rho__message_condition,0.05027471661315755,0.05139250723573782,0.052609555756942775
J-S14-D50,mean_signed_shift,shapley_rho__seeding_regime,4.681184505933131e-05,6.0161635965983674e-05,7.55724773291822e-05
J-S14-D50,mean_signed_shift,shapley_share__message_condition,0.9382015461879526,0.9437803976959571,0.9490582345167291
J-S14-D50,mean_signed_shift,shapley_share__seeding_regime,0.006020751765210436,0.007721195297966185,0.009695996795054871
J-S14-D50,mean_signed_shift,tau,0.006657006082161994,0.0068019275901326625,0.006956493056616558
J-S14-D50,mean_total_shift,main_rho__message_condition,0.023585374663486015,0.024280919760430272,0.024968915532664757
J-S14-D50,mean_total_shift,main_rho__seeding_regime,0.00021917500078009675,0.00024287126095631767,0.0002669713864303921
J-S14-D50,mean_total_shift,main_share__message_condition,0.824680549407857,0.8352694143318209,0.8461597910977995
J-S14-D50,mean_total_shift,main_share__seeding_regime,0.07644649805561589,0.08464998867690261,0.09268547544144766
J-S14-D50,mean_total_shift,omega,0.4135198321013554,0.45072878870171085,0.4913305840835076
J-S14-D50,mean_total_shift,shapley_rho__message_condition,0.015162675818658107,0.015604605109599613,0.016057826120646813
J-S14-D50,mean_total_shift,shapley_rho__seeding_regime,0.00021732913023787118,0.00024053771939149842,0.00026389941408846773
J-S14-D50,mean_total_shift,shapley_share__message_condition,0.8303276257740885,0.840884471397177,0.851456905409969
J-S14-D50,mean_total_shift,shapley_share__seeding_regime,0.08030008014807793,0.08861200220101811,0.09678274469757427
J-S14-D50,mean_total_shift,tau,0.0023088792341079594,0.0023677315105250897,0.0024341148210590678
J-S14-D95,conversion_rate,main_rho__message_condition,0.07171403810917681,0.0784174014896383,0.08517662728664682
J-S14-D95,conversion_rate,main_rho__seeding_regime,0.00021979918639919454,0.0003888545957706445,0.0006192398429562273
J-S14-D95,conversion_rate,main_share__message_condition,0.7499471408806192,0.7847704700285957,0.8167022207074317
J-S14-D95,conversion_rate,main_share__seeding_regime,0.01748098883301573,0.029979501626299306,0.04613540710874145
J-S14-D95,conversion_rate,omega,1.009090354243421,1.0907738130922815,1.1844434585253578
J-S14-D95,conversion_rate,shapley_rho__message_condition,0.04269476738997103,0.0465471672457206,0.05041722306183994
J-S14-D95,conversion_rate,shapley_rho__seeding_regime,0.0005300700053446824,0.0007103837270009076,0.000949455462562119
J-S14-D95,conversion_rate,shapley_share__message_condition,0.7889100614150589,0.8191936559896462,0.8461985660976599
J-S14-D95,conversion_rate,shapley_share__seeding_regime,0.04592812684609704,0.06035452967129708,0.07851814141077416
J-S14-D95,conversion_rate,tau,0.00897488709164742,0.009727647538594971,0.01053032153800623
J-S14-D95,mean_signed_shift,main_rho__message_condition,0.2862972862751957,0.2919431946198199,0.2977134617668126
J-S14-D95,mean_signed_shift,main_rho__seeding_regime,0.00046684313893154047,0.0005360320957484692,0.0006104676971175372
J-S14-D95,mean_signed_shift,main_share__message_condition,0.9240431744577748,0.9289771524285741,0.9337697023151684
J-S14-D95,mean_signed_shift,main_share__seeding_regime,0.016254180027063653,0.018631346316096357,0.02112960660382349
J-S14-D95,mean_signed_shift,omega,0.8968997525926634,0.9679056332350496,1.052211073951196
J-S14-D95,mean_signed_shift,shapley_rho__message_condition,0.17342397307650484,0.17699952469994512,0.18046137301056214
J-S14-D95,mean_signed_shift,shapley_rho__seeding_regime,0.000494309150206159,0.000562883590977859,0.0006387412488041906
J-S14-D95,mean_signed_shift,shapley_share__message_condition,0.9275694840464717,0.9323320136265212,0.9370358895071582
J-S14-D95,mean_signed_shift,shapley_share__seeding_regime,0.018315118255342405,0.020776172244180935,0.023448166124020946
J-S14-D95,mean_signed_shift,tau,0.023271452654195224,0.02370705372320767,0.024136155309566497
J-S14-D95,mean_total_shift,main_rho__message_condition,0.09614686051890614,0.0981209989558639,0.10011235721963835
J-S14-D95,mean_total_shift,main_rho__seeding_regime,0.0014893087318241722,0.0015730584520247878,0.0016550221056646744
J-S14-D95,mean_total_shift,main_share__message_condition,0.8034635828926585,0.8111172171055143,0.8184427599281203
J-S14-D95,mean_total_shift,main_share__seeding_regime,0.12542490770592177,0.13165707273920912,0.13748530458485062
J-S14-D95,mean_total_shift,omega,0.828157931310098,0.896157506698849,0.971722776185546
J-S14-D95,mean_total_shift,shapley_rho__message_condition,0.06169845481562227,0.06295365972192621,0.06421611269387441
J-S14-D95,mean_total_shift,shapley_rho__seeding_regime,0.0014404312094333637,0.0015182293227928734,0.0015972355782688543
J-S14-D95,mean_total_shift,shapley_share__message_condition,0.8073941038277567,0.8149725403062036,0.8223156849818388
J-S14-D95,mean_total_shift,shapley_share__seeding_regime,0.12789432908633236,0.1343069335603539,0.14035101018529123
J-S14-D95,mean_total_shift,tau,0.009675760871019226,0.009857814119548253,0.010044464092078586
J-S18-D05,conversion_rate,main_rho__message_condition,0.00012681069580607805,0.00022877286491594255,0.0003511612929213991
J-S18-D05,conversion_rate,main_rho__seeding_regime,1.671463534312217e-07,2.156013741221534e-06,7.742872497129962e-06
J-S18-D05,conversion_rate,main_share__message_condition,0.10408660951656319,0.1713187596790696,0.2498509711993038
J-S18-D05,conversion_rate,main_share__seeding_regime,0.0009632694360021034,0.012227234598012747,0.0453259760479821
J-S18-D05,conversion_rate,omega,0.09339129574100002,0.10187601462800899,0.11070726121491199
J-S18-D05,conversion_rate,shapley_rho__message_condition,0.00022540394943682552,0.0002921030587314994,0.0003773804962567022
J-S18-D05,conversion_rate,shapley_rho__seeding_regime,2.4761408205064754e-05,3.177118876083835e-05,4.123175992848829e-05
J-S18-D05,conversion_rate,shapley_share__message_condition,0.3230517283526171,0.38304030033787184,0.44736633006614646
J-S18-D05,conversion_rate,shapley_share__seeding_regime,0.16462011876507315,0.20151607551352785,0.24025801862406196
J-S18-D05,conversion_rate,tau,0.00010826110395064133,0.00013056233241047304,0.0001573187051910503
J-S18-D05,mean_signed_shift,main_rho__message_condition,0.0015129998703879806,0.0016137549032586573,0.0017307078236302542
J-S18-D05,mean_signed_shift,main_rho__seeding_regime,3.224514841228891e-09,9.374827471511724e-08,5.42553469236853e-07
J-S18-D05,mean_signed_shift,main_share__message_condition,0.8561330996894668,0.8764357983165871,0.8971515982840044
J-S18-D05,mean_signed_shift,main_share__seeding_regime,1.8885441464584415e-05,0.0005514491074932578,0.0032236594758649727
J-S18-D05,mean_signed_shift,omega,0.06949124015116655,0.07574174721130328,0.08222946207122428
J-S18-D05,mean_signed_shift,shapley_rho__message_condition,0.0009424428734558008,0.0010018698976223795,0.0010719598936906854
J-S18-D05,mean_signed_shift,shapley_rho__seeding_regime,2.6834395788647933e-06,3.450071525925221e-06,4.306814580986486e-06
J-S18-D05,mean_signed_shift,shapley_share__message_condition,0.8838465731246112,0.9007432558635065,0.9179625046834895
J-S18-D05,mean_signed_shift,shapley_share__seeding_regime,0.016897257599544205,0.021608041325628016,0.026752395790635226
J-S18-D05,mean_signed_shift,tau,0.00013091580155962993,0.0001389266139154572,0.00014797127237317853
J-S18-D05,mean_total_shift,main_rho__message_condition,0.0003179679289945312,0.0003545585944355966,0.0003917044832969653
J-S18-D05,mean_total_shift,main_rho__seeding_regime,4.6947155559327794e-08,2.8284042505453565e-07,7.709899369808667e-07
J-S18-D05,mean_total_shift,main_share__message_condition,0.7287690632684806,0.7705032967879795,0.8094648018837919
J-S18-D05,mean_total_shift,main_share__seeding_regime,0.0010275747386676393,0.006287310274408771,0.016729052121293487
J-S18-D05,mean_total_shift,omega,0.0802367113760792,0.08742189571701808,0.0952281731886881
J-S18-D05,mean_total_shift,shapley_rho__message_condition,0.00021787285685136173,0.00024076119727759853,0.00026499346125802655
J-S18-D05,mean_total_shift,shapley_rho__seeding_regime,1.567146202983369e-06,2.089539934572838e-06,2.7861868760402094e-06
J-S18-D05,mean_total_shift,shapley_share__message_condition,0.7851208813980894,0.8199194607744527,0.8523985744271502
J-S18-D05,mean_total_shift,shapley_share__seeding_regime,0.03693026681311166,0.04863992637948694,0.06364135660761586
J-S18-D05,mean_total_shift,tau,3.417396747510206e-05,3.751899861227607e-05,4.08469339078101e-05
J-S18-D50,conversion_rate,main_rho__message_condition,0.029960552651341166,0.03357324461283978,0.03758500632294256
J-S18-D50,conversion_rate,main_rho__seeding_regime,5.6317581104784324e-05,0.00013167898392496687,0.00023339038343314647
J-S18-D50,conversion_rate,main_share__message_condition,0.6954396637592486,0.7373892853057435,0.7776494176487911
J-S18-D50,conversion_rate,main_share__seeding_regime,0.01015690840314106,0.02248980848490561,0.039472206325216995
J-S18-D50,conversion_rate,omega,0.7513772816419927,0.8132677493320104,0.8789055542166451
J-S18-D50,conversion_rate,shapley_rho__message_condition,0.018233785420919007,0.02026498275473413,0.022570188096942636
J-S18-D50,conversion_rate,shapley_rho__seeding_regime,0.0002484160331219186,0.0003377208824075102,0.00044950147267363406
J-S18-D50,conversion_rate,shapley_share__message_condition,0.745246713339279,0.7831475572561888,0.8176072859489601
J-S18-D50,conversion_rate,shapley_share__seeding_regime,0.04628390298221807,0.06252249097230471,0.08129885782043048
J-S18-D50,conversion_rate,tau,0.00405163959690249,0.004447197479899018,0.004887527010317213
J-S18-D50,mean_signed_shift,main_rho__message_condition,0.13860097745121197,0.14194250024424754,0.14535944825773559
J-S18-D50,mean_signed_shift,main_rho__seeding_regime,0.00010292096197789629,0.00013463126657876603,0.00017170617353563
J-S18-D50,mean_signed_shift,main_share__message_condition,0.926103765132982,0.9322829101185874,0.9377008194282825
J-S18-D50,mean_signed_shift,main_share__seeding_regime,0.007412313015260646,0.00967724056042572,0.01233645203603819
J-S18-D50,mean_signed_shift,omega,0.7108987232885261,0.7665007525427319,0.8324766681236451
J-S18-D50,mean_signed_shift,shapley_rho__message_condition,0.08402680439007361,0.0861090286206384,0.08816646458771839
J-S18-D50,mean_signed_shift,shapley_rho__seeding_regime,0.00013311572587495994,0.0001647744289798682,0.00020293340364955487
J-S18-D50,mean_signed_shift,shapley_share__message_condition,0.930092230731234,0.9361358840695497,0.9414538672127968
J-S18-D50,mean_signed_shift,shapley_share__seeding_regime,0.010179300341000758,0.012523124613558024,0.015338796830417202
J-S18-D50,mean_signed_shift,tau,0.011239653088975206,0.011489003573668569,0.011740712320016434
J-S18-D50,mean_total_shift,main_rho__message_condition,0.03910268216085174,0.0402700392893569,0.04146422122788408
J-S18-D50,mean_total_shift,main_rho__seeding_regime,0.00048480137913354426,0.0005328100992104775,0.0005780320215025545
J-S18-D50,mean_total_shift,main_share__message_condition,0.7948083531499325,0.8062574723848954,0.8175441870414569
J-S18-D50,mean_total_shift,main_share__seeding_regime,0.09906375526922155,0.10801147109375617,0.11676661604769048
J-S18-D50,mean_total_shift,omega,0.6851262569645491,0.7456157378324795,0.8145497915831348
J-S18-D50,mean_total_shift,shapley_rho__message_condition,0.02514795183412881,0.02588453587311411,0.026661280455209886
J-S18-D50,mean_total_shift,shapley_rho__seeding_regime,0.0004757564985981663,0.0005241244096493606,0.0005675433326488309
J-S18-D50,mean_total_shift,shapley_share__message_condition,0.8006136837550785,0.8115329309727061,0.8224693685358655
J-S18-D50,mean_total_shift,shapley_share__seeding_regime,0.10254922784576939,0.11215058251608707,0.12106191517162361
J-S18-D50,mean_total_shift,tau,0.003963381895908392,0.004067908659825795,0.0041796917087405456
J-S18-D95,conversion_rate,main_rho__message_condition,0.16338891290705532,0.17463775272274223,0.18715598128794836
J-S18-D95,conversion_rate,main_rho__seeding_regime,0.0005674249602869119,0.0008447813576411275,0.0011867968355682827
J-S18-D95,conversion_rate,main_share__message_condition,0.8129539771320221,0.836834569627603,0.8588003293277569
J-S18-D95,conversion_rate,main_share__seeding_regime,0.02101523800799216,0.031253351684641884,0.04326178178936942
J-S18-D95,conversion_rate,omega,1.3071524752090014,1.4109217312792743,1.53376702607158
J-S18-D95,conversion_rate,shapley_rho__message_condition,0.09503353938965942,0.10145318872247536,0.1086067085507287
J-S18-D95,conversion_rate,shapley_rho__seeding_regime,0.0008997998954517719,0.0011766340006866827,0.0015308090906616999
J-S18-D95,conversion_rate,shapley_share__message_condition,0.8334684774922303,0.8558338423217209,0.875900259362795
J-S18-D95,conversion_rate,shapley_share__seeding_regime,0.036316781247066825,0.047858338817811846,0.061022072000564746
J-S18-D95,conversion_rate,tau,0.019135613564830675,0.020330908667694308,0.021679629619574436
J-S18-D95,mean_signed_shift,main_rho__message_condition,0.4772643332823457,0.48643647778954463,0.4964303964916823
J-S18-D95,mean_signed_shift,main_rho__seeding_regime,0.001350629203763596,0.0014959859341388527,0.0016474634299313018
J-S18-D95,mean_signed_shift,main_share__message_condition,0.9129340846136101,0.9179452703952031,0.922973381497006
J-S18-D95,mean_signed_shift,main_share__seeding_regime,0.027968458046110083,0.030758269923779478,0.033748070955463116
J-S18-D95,mean_signed_shift,omega,1.404060765403781,1.527828065753788,1.65626580623473
J-S18-D95,mean_signed_shift,shapley_rho__message_condition,0.28943807373367153,0.29489972652865126,0.3011311576203289
J-S18-D95,mean_signed_shift,shapley_rho__seeding_regime,0.001377884276386949,0.0015165248146207725,0.0016659984001512493
J-S18-D95,mean_signed_shift,shapley_share__message_condition,0.916516547867795,0.9213427278103714,0.9264535178482428
J-S18-D95,mean_signed_shift,shapley_share__seeding_regime,0.03027301246330097,0.03313773956480071,0.036200810007936145
J-S18-D95,mean_signed_shift,tau,0.03928217686370364,0.03997931482577208,0.04067919089088565
J-S18-D95,mean_total_shift,main_rho__message_condition,0.15739996515201865,0.16075614797663423,0.1644110447250326
J-S18-D95,mean_total_shift,main_rho__seeding_regime,0.0033008347827502018,0.0034661214382328944,0.0036230075314613794
J-S18-D95,mean_total_shift,main_share__message_condition,0.7662444318774377,0.7744086570211635,0.7820296539676935
J-S18-D95,mean_total_shift,main_share__seeding_regime,0.16216555176492747,0.16898234897753325,0.17613030595571652
J-S18-D95,mean_total_shift,omega,1.3136159759970931,1.4198191192777097,1.5381900572047809
J-S18-D95,mean_total_shift,shapley_rho__message_condition,0.10105544836770504,0.10316242589041177,0.10554622871004743
J-S18-D95,mean_total_shift,shapley_rho__seeding_regime,0.003186371872627861,0.003345162497818471,0.003495649610030007
J-S18-D95,mean_total_shift,shapley_share__message_condition,0.7702869165546522,0.7783928771850672,0.7859452064926943
J-S18-D95,mean_total_shift,shapley_share__seeding_regime,0.1655669997075705,0.172247885090128,0.17953424795220138
J-S18-D95,mean_total_shift,tau,0.016601858650795602,0.01690672561841932,0.017225336546567743
NC-NoOp,conversion_rate,main_rho__message_condition,1.0,1.0,1.0
NC-NoOp,conversion_rate,main_rho__seeding_regime,1.0,1.0,1.0
NC-NoOp,conversion_rate,main_share__message_condition,0.09575958714006394,0.0975329338563248,0.09927627706836467
NC-NoOp,conversion_rate,main_share__seeding_regime,0.7480914639686913,0.7521680541689676,0.7562359907603288
NC-NoOp,conversion_rate,omega,1.0,1.0,1.0
NC-NoOp,conversion_rate,shapley_rho__message_condition,1.0,1.0,1.0
NC-NoOp,conversion_rate,shapley_rho__seeding_regime,1.0,1.0,1.0
NC-NoOp,conversion_rate,shapley_share__message_condition,0.16861850974101286,0.1715478932109634,0.17429211347255244
NC-NoOp,conversion_rate,shapley_share__seeding_regime,0.8236803026557284,0.8264763812259844,0.8293152246673132
NC-NoOp,conversion_rate,tau,1.0,1.0,1.0
NC-NoOp,mean_signed_shift,main_rho__message_condition,1.0,1.0,1.0
NC-NoOp,mean_signed_shift,main_rho__seeding_regime,1.0,1.0,1.0
NC-NoOp,mean_signed_shift,main_share__message_condition,0.07493866246938642,0.07544540522164538,0.07592651178490235
NC-NoOp,mean_signed_shift,main_share__seeding_regime,0.8228206343224214,0.8239173252870589,0.825052995837489
NC-NoOp,mean_signed_shift,omega,1.0,1.0,1.0
NC-NoOp,mean_signed_shift,shapley_rho__message_condition,1.0,1.0,1.0
NC-NoOp,mean_signed_shift,shapley_rho__seeding_regime,1.0,1.0,1.0
NC-NoOp,mean_signed_shift,shapley_share__message_condition,0.1240846819003446,0.12490426551364456,0.12568746946804515
NC-NoOp,mean_signed_shift,shapley_share__seeding_regime,0.8730157027380793,0.8737681639812955,0.8745878875560845
NC-NoOp,mean_signed_shift,tau,1.0,1.0,1.0
NC-NoOp,mean_total_shift,main_rho__message_condition,1.0,1.0,1.0
NC-NoOp,mean_total_shift,main_rho__seeding_regime,1.0,1.0,1.0
NC-NoOp,mean_total_shift,main_share__message_condition,0.08112787849196022,0.0814894457384667,0.08182300986128983
NC-NoOp,mean_total_shift,main_share__seeding_regime,0.824600939625929,0.8253978307192198,0.826197418499633
NC-NoOp,mean_total_shift,omega,1.0,1.0,1.0
NC-NoOp,mean_total_shift,shapley_rho__message_condition,1.0,1.0,1.0
NC-NoOp,mean_total_shift,shapley_rho__seeding_regime,1.0,1.0,1.0
NC-NoOp,mean_total_shift,shapley_share__message_condition,0.12704062791458876,0.1276213730002203,0.1281951259668232
NC-NoOp,mean_total_shift,shapley_share__seeding_regime,0.8711647018619181,0.8717194783420064,0.8723002759165993
NC-NoOp,mean_total_shift,tau,1.0,1.0,1.0
PC-M01,conversion_rate,main_rho__message_condition,0.08391155862423558,0.08824091171630094,0.0928117549632648
PC-M01,conversion_rate,main_rho__seeding_regime,0.0008378827012786743,0.0010177271231516867,0.0012058982462470618
PC-M01,conversion_rate,main_share__message_condition,0.8485531635025557,0.8654731509831235,0.8835013011543944
PC-M01,conversion_rate,main_share__seeding_regime,0.0634149710526001,0.07693918023913966,0.0900020843228222
PC-M01,conversion_rate,omega,0.3947029203883345,0.42727630143103035,0.4650156824847335
PC-M01,conversion_rate,shapley_rho__message_condition,0.04861223992858878,0.05109659500429711,0.053628229007999295
PC-M01,conversion_rate,shapley_rho__seeding_regime,0.0009033402988987382,0.0010859462353968832,0.0012742219228866049
PC-M01,conversion_rate,shapley_share__message_condition,0.8660228770636192,0.8813263329445697,0.8975742859776902
PC-M01,conversion_rate,shapley_share__seeding_regime,0.07586093182303191,0.09038809764076203,0.1050939935575141
PC-M01,conversion_rate,tau,0.009497855685721096,0.009949455097708781,0.010403934346170539
PC-M01,mean_signed_shift,main_rho__message_condition,0.17927594845843742,0.18139131522000765,0.1836871363680683
PC-M01,mean_signed_shift,main_rho__seeding_regime,0.0014507029535369956,0.0015135905781973598,0.0015799773142159117
PC-M01,mean_signed_shift,main_share__message_condition,0.8912003551906038,0.8951282809349697,0.8991005500665831
PC-M01,mean_signed_shift,main_share__seeding_regime,0.07845334074495072,0.08160091435550125,0.08481218079225789
PC-M01,mean_signed_shift,omega,0.21419995703951708,0.23068269550104942,0.2523505618934297
PC-M01,mean_signed_shift,shapley_rho__message_condition,0.1090070009120203,0.11033740398815534,0.11174525237048935
PC-M01,mean_signed_shift,shapley_rho__seeding_regime,0.0014606228742270646,0.0015257804254446073,0.0015938431163591447
PC-M01,mean_signed_shift,shapley_share__message_condition,0.89778945271559,0.9014929214994929,0.905088185162182
PC-M01,mean_signed_shift,shapley_share__seeding_regime,0.083832899123052,0.0872375286637006,0.09080953817928604
PC-M01,mean_signed_shift,tau,0.015127684868619587,0.015286951695959861,0.015456879504354367
PC-M01,mean_total_shift,main_rho__message_condition,0.2638909557930862,0.2657044729461076,0.267413140999102
PC-M01,mean_total_shift,main_rho__seeding_regime,0.0023063336103194888,0.0023604420661088614,0.0024181106580837774
PC-M01,mean_total_shift,main_share__message_condition,0.9022442373424991,0.9045063868754074,0.9066956252846325
PC-M01,mean_total_shift,main_share__seeding_regime,0.07966371691935054,0.08140266672225163,0.08320533021649457
PC-M01,mean_total_shift,omega,0.20677602637196965,0.2254709503068547,0.24660389948127978
PC-M01,mean_total_shift,shapley_rho__message_condition,0.16939947781037976,0.17066402338613607,0.1717934051643272
PC-M01,mean_total_shift,shapley_rho__seeding_regime,0.0023198779688448907,0.0023774320935728817,0.0024378558876136823
PC-M01,mean_total_shift,shapley_share__message_condition,0.9078681886475221,0.9098871875268322,0.9118586582493171
PC-M01,mean_total_shift,shapley_share__seeding_regime,0.08469161136841384,0.08659303224597903,0.08862045049917569
PC-M01,mean_total_shift,tau,0.02379470589994201,0.02393878365657265,0.0240765009897197
PC-M05,conversion_rate,main_rho__message_condition,0.00538463893706752,0.005902541942009188,0.00643633591901913
PC-M05,conversion_rate,main_rho__seeding_regime,0.0030279065762959198,0.0032321039482205395,0.003432899479092087
PC-M05,conversion_rate,main_share__message_condition,0.15435672850781554,0.16679390389371707,0.1796140571680102
PC-M05,conversion_rate,main_share__seeding_regime,0.683617029163846,0.7045818714946306,0.7223802961143196
PC-M05,conversion_rate,omega,0.10419278964606578,0.11391425113557246,0.12480306449211327
PC-M05,conversion_rate,shapley_rho__message_condition,0.00405790291857518,0.004462872690550101,0.004875583338439007
PC-M05,conversion_rate,shapley_rho__seeding_regime,0.002976514662964926,0.0031703630421089255,0.003364746320517497
PC-M05,conversion_rate,shapley_share__message_condition,0.2073840596863958,0.22183831691627406,0.23736037418619507
PC-M05,conversion_rate,shapley_share__seeding_regime,0.7427933733778753,0.7594534557822126,0.7748876780733231
PC-M05,conversion_rate,tau,0.0032441177321426615,0.0034525412060655196,0.003657785356370293
PC-M05,mean_signed_shift,main_rho__message_condition,0.011771146461581103,0.011944938097308668,0.012131049515453267
PC-M05,mean_signed_shift,main_rho__seeding_regime,0.004193886320488968,0.0042462892618453305,0.004294640066502685
PC-M05,mean_signed_shift,main_share__message_condition,0.18173387941199448,0.18353223900772114,0.18537157817165217
PC-M05,mean_signed_shift,main_share__seeding_regime,0.7087223820572894,0.7121669196629963,0.7155809770327601
PC-M05,mean_signed_shift,omega,0.03109124654412254,0.03431691470532901,0.037885935142133634
PC-M05,mean_signed_shift,shapley_rho__message_condition,0.009034009318313708,0.009187428196063588,0.009351380467615708
PC-M05,mean_signed_shift,shapley_rho__seeding_regime,0.004232072215713706,0.004288663104313327,0.004339671360184572
PC-M05,mean_signed_shift,shapley_share__message_condition,0.2311274038096709,0.23371927442710794,0.2362603582543829
PC-M05,mean_signed_shift,shapley_share__seeding_regime,0.7601949274005119,0.7627365335058558,0.7653706580724804
PC-M05,mean_signed_shift,tau,0.004845828803115859,0.0049112526189059695,0.004972170475880306
PC-M05,mean_total_shift,main_rho__message_condition,0.018103962317981982,0.0182484716978751,0.018401129519823135
PC-M05,mean_total_shift,main_rho__seeding_regime,0.007802424096340263,0.007851659907223576,0.007899386250707819
PC-M05,mean_total_shift,main_share__message_condition,0.16787249971347898,0.16864551559521201,0.16949001695045135
PC-M05,mean_total_shift,main_share__seeding_regime,0.7334756390626787,0.7350781711571583,0.7365393257605777
PC-M05,mean_total_shift,omega,0.02993060633762246,0.03304153783312239,0.036620174270864586
PC-M05,mean_total_shift,shapley_rho__message_condition,0.01480464864555551,0.014937327123703659,0.015078191878119701
PC-M05,mean_total_shift,shapley_rho__seeding_regime,0.007866786712168946,0.007916875615352377,0.007966500910934144
PC-M05,mean_total_shift,shapley_share__message_condition,0.2151611845127523,0.21623865319085978,0.21745028387867574
PC-M05,mean_total_shift,shapley_share__seeding_regime,0.7815613186140902,0.7827926982772937,0.783849786033858
PC-M05,mean_total_shift,tau,0.008757984081394688,0.008814793554530902,0.008875244899227593
S-A06,conversion_rate,main_rho__message_condition,0.009253828742346926,0.01066749452860968,0.012201007486730427
S-A06,conversion_rate,main_rho__seeding_regime,0.10031434494643596,0.10238775483402067,0.10448554874107126
S-A06,conversion_rate,main_share__message_condition,0.011368435394633142,0.012990166279475697,0.014718402622498215
S-A06,conversion_rate,main_share__seeding_regime,0.956640670524505,0.9616969051464526,0.9663428304684545
S-A06,conversion_rate,omega,0.3421210619415941,0.3708368596560768,0.4051228004109321
S-A06,conversion_rate,shapley_rho__message_condition,0.00963395864212015,0.011138641080873257,0.012703936300849516
S-A06,conversion_rate,shapley_rho__seeding_regime,0.09226097601636968,0.0942604531813138,0.09630046863652934
S-A06,conversion_rate,shapley_share__message_condition,0.020878667795973156,0.023856761359214003,0.02698781712454762
S-A06,conversion_rate,shapley_share__seeding_regime,0.9695240196755838,0.9728892838220555,0.9760388834712419
S-A06,conversion_rate,tau,0.07823347860061142,0.08008411197545717,0.08198673978494316
S-A06,mean_signed_shift,main_rho__message_condition,0.04020431630529258,0.0411128547348212,0.0420096435517604
S-A06,mean_signed_shift,main_rho__seeding_regime,0.1827879982701514,0.18343536122012016,0.1840406071889338
S-A06,mean_signed_shift,main_share__message_condition,0.01913583559980163,0.019517548169149204,0.01990661576713593
S-A06,mean_signed_shift,main_share__seeding_regime,0.9502305443383395,0.9512769337729329,0.9523007158416802
S-A06,mean_signed_shift,omega,0.18740005474490273,0.20087680031333405,0.21748082866571927
S-A06,mean_signed_shift,shapley_rho__message_condition,0.04103517185117194,0.042039178490463736,0.04303109101446569
S-A06,mean_signed_shift,shapley_rho__seeding_regime,0.17482846858115808,0.17553186973181473,0.17615556607057453
S-A06,mean_signed_shift,shapley_share__message_condition,0.0323346843096891,0.03304693225252983,0.033716726252200416
S-A06,mean_signed_shift,shapley_share__seeding_regime,0.9646241806749161,0.9653659250594078,0.966063631802592
S-A06,mean_signed_shift,tau,0.15816458679886652,0.1588722991296284,0.15953760116544566
S-A06,mean_total_shift,main_rho__message_condition,0.016134422452831868,0.016542105746276486,0.01692484170543764
S-A06,mean_total_shift,main_rho__seeding_regime,0.18487647941438318,0.18535717494447296,0.18582099604014043
S-A06,mean_total_shift,main_share__message_condition,0.0084191105372887,0.008615260598035069,0.008799104553474353
S-A06,mean_total_shift,main_share__seeding_regime,0.977032581664097,0.9775339821068973,0.9780508824252391
S-A06,mean_total_shift,omega,0.19465052263383556,0.21188987571533213,0.22788282433426404
S-A06,mean_total_shift,shapley_rho__message_condition,0.017929656736474498,0.01840236631879083,0.018831879856693358
S-A06,mean_total_shift,shapley_rho__seeding_regime,0.17620932965664268,0.17670395267531858,0.17718452507968094
S-A06,mean_total_shift,shapley_share__message_condition,0.014663926172084583,0.015014976313382965,0.015333898564662456
S-A06,mean_total_shift,shapley_share__seeding_regime,0.9838396505539617,0.9841960400379681,0.9845587891061248
S-A06,mean_total_shift,tau,0.1560040399920474,0.15651415896912677,0.1569936814885967
S-A18,conversion_rate,main_rho__message_condition,0.31940457396297384,0.334795573644287,0.3500287047978194
S-A18,conversion_rate,main_rho__seeding_regime,2.0545999126172716,2.070413527511038,2.0874175345195107
S-A18,conversion_rate,main_share__message_condition,0.018891451427358263,0.01975783974656447,0.02064069810341197
S-A18,conversion_rate,main_share__seeding_regime,0.9405792402581687,0.9429602851057517,0.9453518563604534
S-A18,conversion_rate,omega,1.3503447027366948,1.4317385058642809,1.5143845894758394
S-A18,conversion_rate,shapley_rho__message_condition,0.341084694545878,0.3561700067412562,0.37237584426658205
S-A18,conversion_rate,shapley_rho__seeding_regime,1.904236487692396,1.920211369081985,1.9361691179337641
S-A18,conversion_rate,shapley_share__message_condition,0.03543985727387343,0.03699272772498928,0.03856717428329344
S-A18,conversion_rate,shapley_share__seeding_regime,0.959177718226237,0.9608253637978401,0.9624492028036377
S-A18,conversion_rate,tau,1.6363215144242536,1.6515913705170426,1.6674989679342147
S-A18,mean_signed_shift,main_rho__message_condition,0.3217288539768213,0.32847700810542,0.3347890169839031
S-A18,mean_signed_shift,main_rho__seeding_regime,1.7197828397691453,1.723628738630246,1.7276500706621998
S-A18,mean_signed_shift,main_share__message_condition,0.016404587945001835,0.016734561576852613,0.017050782695545812
S-A18,mean_signed_shift,main_share__seeding_regime,0.9588088313436893,0.9596646983160385,0.9605364150588105
S-A18,mean_signed_shift,omega,1.3908805134582063,1.4645275036155767,1.547205707486183
S-A18,mean_signed_shift,shapley_rho__message_condition,0.3201021548602025,0.327367811689064,0.33382295444111554
S-A18,mean_signed_shift,shapley_rho__seeding_regime,1.640296602100107,1.6444359057947429,1.6488056807986067
S-A18,mean_signed_shift,shapley_share__message_condition,0.027038812762197224,0.02761144501937495,0.028176927088793487
S-A18,mean_signed_shift,shapley_share__seeding_regime,0.9704155693978554,0.9710181198531349,0.9716166845872455
S-A18,mean_signed_shift,tau,1.4751324338978,1.4798725883018644,1.4849178125627065
S-A18,mean_total_shift,main_rho__message_condition,0.11770730215467298,0.12066807234498354,0.12333304079393831
S-A18,mean_total_shift,main_rho__seeding_regime,1.6840435241796583,1.6869573536835785,1.6898918510142067
S-A18,mean_total_shift,main_share__message_condition,0.006780201221004611,0.006935018570215234,0.007083840160261937
S-A18,mean_total_shift,main_share__seeding_regime,0.981926212719768,0.9823152102216073,0.9827208288463581
S-A18,mean_total_shift,omega,1.359247024846639,1.4314099399350915,1.5103271974563721
S-A18,mean_total_shift,shapley_rho__message_condition,0.1283739354843591,0.13153276126578867,0.1345176109391117
S-A18,mean_total_shift,shapley_rho__seeding_regime,1.602542295383614,1.6057094327113206,1.608795388021821
S-A18,mean_total_shift,shapley_share__message_condition,0.011581639954501857,0.01183442837250765,0.012106344921002609
S-A18,mean_total_shift,shapley_share__seeding_regime,0.9871765572283739,0.9874570529340021,0.9877408191245771
S-A18,mean_total_shift,tau,1.4142865863842324,1.4175565465532478,1.4207810253714694
