design,outcome,factor,replications,B_total_U,B_factor_U,q_proportion,rho_proportion,tau_proportion,in_sample_B_total,in_sample_B_factor
C-D1,mean_total_shift,topology,30,2.3919042786851497e-06,2.9683422614709887e-10,8.832155307448903e-08,0.00024667876953497216,0.0007116992654152278,2.399937123142049e-06,2.3957348924795645e-09
C-D1,mean_total_shift,message_condition,30,2.3919042786851497e-06,2.390269520912098e-06,0.0007112128513406426,0.005572592941540986,0.0007116992654152278,2.399937123142049e-06,2.3924910885300565e-06
C-D1,mean_total_shift,inoculation,30,2.3919042786851497e-06,1.1274221410318003e-09,3.3545887129993087e-07,0.0013158478608891028,0.0007116992654152278,2.399937123142049e-06,3.0193229730872346e-09
C-D1,mean_total_shift,seeding_regime,30,2.3919042786851497e-06,2.1050140587557753e-10,6.263365021148551e-08,7.184734646662856e-08,0.0007116992654152278,2.399937123142049e-06,2.030976746428091e-09
C-D10,mean_total_shift,topology,30,0.00022853334138815635,1.059440284341967e-07,3.152312067153288e-05,0.08804288815661956,0.06799896326881726,0.00022856671162918384,1.1459146118620909e-07
C-D10,mean_total_shift,message_condition,30,0.00022853334138815635,4.821542363431345e-05,0.014346260378399455,0.11240779630384805,0.06799896326881726,0.00022856671162918384,4.822500524843776e-05
C-D10,mean_total_shift,inoculation,30,0.00022853334138815635,5.608518533610183e-08,1.6687868975393373e-05,0.06545868531953629,0.06799896326881726,0.00022856671162918384,6.35859083025379e-08
C-D10,mean_total_shift,seeding_regime,30,0.00022853334138815635,0.00018015588854007267,0.0536044919007709,0.061489957694594456,0.06799896326881726,0.00022856671162918384,0.0001801635290112574
C-D5,mean_total_shift,topology,30,5.9231488817922564e-05,1.8733034393112415e-08,5.573921555048672e-06,0.015567752862364618,0.01762403598539434,5.9251441551208756e-05,2.3938456961733353e-08
C-D5,mean_total_shift,message_condition,30,5.9231488817922564e-05,1.7166527818853414e-05,0.00510781528645622,0.04002145821514137,0.01762403598539434,5.9251441551208756e-05,1.717194861028724e-05
C-D5,mean_total_shift,inoculation,30,5.9231488817922564e-05,1.4194721489752598e-08,4.22356903955372e-06,0.016567080979191712,0.01762403598539434,5.9251441551208756e-05,1.8971825304111602e-08
C-D5,mean_total_shift,seeding_regime,30,5.9231488817922564e-05,4.203203324318629e-05,0.012506423208343515,0.014346175231271572,0.01762403598539434,5.9251441551208756e-05,4.203658265865568e-05
C-D50,mean_total_shift,topology,30,0.0033608356716367236,1.2033229560317555e-06,0.00035804278268855035,1.0,1.0,0.0033609760803919877,1.2405441608435302e-06
C-D50,mean_total_shift,message_condition,30,0.0033608356716367236,0.0004289330920070968,0.12762691601586304,1.0,1.0,0.0033609760803919877,0.0004289723176639915
C-D50,mean_total_shift,inoculation,30,0.0033608356716367236,8.568028071801664e-07,0.00025493742952415886,1.0,1.0,0.0033609760803919877,8.884876613631394e-07
C-D50,mean_total_shift,seeding_regime,30,0.0033608356716367236,0.002929842453866415,0.8717601037719244,1.0,1.0,0.0033609760803919877,0.00292987473090579
CS-0,mean_total_shift,topology,30,0.00016458535334920954,3.216109134351207e-07,9.569373360004134e-05,0.2672689919385477,0.048971556312081346,0.0001646537412011864,3.395297017771136e-07
CS-0,mean_total_shift,message_condition,30,0.00016458535334920954,0.0001632321112920691,0.04856890584375856,0.38055378410712215,0.048971556312081346,0.0001646537412011864,0.00016325112220512262
CS-0,mean_total_shift,inoculation,30,0.00016458535334920954,2.212930000471565e-07,6.584463558118182e-05,0.2582776319039575,0.048971556312081346,0.0001646537412011864,2.3651849464300856e-07
CS-0,mean_total_shift,seeding_regime,30,0.00016458535334920954,8.103381436583885e-07,0.00024111209914162647,0.0002765807910896411,0.048971556312081346,0.0001646537412011864,8.265707996438415e-07
CS-15,mean_total_shift,topology,30,0.0002084105827184052,2.9966007913499714e-07,8.916237162796566e-05,0.24902714407044782,0.06201153614181602,0.00020848158271968468,3.183781431254476e-07
CS-15,mean_total_shift,message_condition,30,0.0002084105827184052,0.0001594110262491174,0.04743196092401756,0.3716454365952252,0.06201153614181602,0.00020848158271968468,0.00015943030365799706
CS-15,mean_total_shift,inoculation,30,0.0002084105827184052,2.0776944381972882e-07,6.18207684395784e-05,0.2424938878334459,0.06201153614181602,0.00020848158271968468,2.2417680939640917e-07
CS-15,mean_total_shift,seeding_regime,30,0.0002084105827184052,4.8492126946333277e-05,0.014428592077730971,0.01655110392790569,0.06201153614181602,0.00020848158271968468,4.850872410916597e-05
CS-30,mean_total_shift,topology,30,0.00038072146233215096,2.9864440056691625e-07,8.886016150306948e-05,0.24818308257973187,0.11328178451127305,0.00038079075183747806,3.168387177373773e-07
CS-30,mean_total_shift,message_condition,30,0.00038072146233215096,0.00016021774630094895,0.047671996477865006,0.37352619624484024,0.11328178451127305,0.00038079075183747806,0.000160236457790361
CS-30,mean_total_shift,inoculation,30,0.00038072146233215096,2.3147057631186056e-07,6.887292296535719e-05,0.2701561833972697,0.11328178451127305,0.00038079075183747806,2.474415131111428e-07
CS-30,mean_total_shift,seeding_regime,30,0.00038072146233215096,0.00021997360105432333,0.06545205494893964,0.07508035142436806,0.11328178451127305,0.00038079075183747806,0.00021999001381626864
CS-45,mean_total_shift,topology,30,0.0006926847206098617,3.521637716743568e-07,0.00010478458516921578,0.29265939780264877,0.2061049061266732,0.0006927542035396113,3.70474704395059e-07
CS-45,mean_total_shift,message_condition,30,0.0006926847206098617,0.0001640589409500528,0.04881492491126657,0.3824814266075288,0.2061049061266732,0.0006927542035396113,0.00016407809668607084
CS-45,mean_total_shift,inoculation,30,0.0006926847206098617,2.65556340337229e-07,7.901497314443324e-05,0.3099386908070534,0.2061049061266732,0.0006927542035396113,2.818583575550433e-07
CS-45,mean_total_shift,seeding_regime,30,0.0006926847206098617,0.0005280080595477974,0.15710618165709306,0.18021721913784233,0.2061049061266732,0.0006927542035396113,0.0005280237737915906
CS-45-R,mean_total_shift,topology,30,0.000817777772479532,2.390009102149374e-07,7.111353650282586e-05,0.19861742769630183,0.24332572383144072,0.0008178453234140094,2.5687475770292447e-07
CS-45-R,mean_total_shift,message_condition,30,0.000817777772479532,0.0001889253146082653,0.056213791171842345,0.44045404313346725,0.24332572383144072,0.0008178453234140094,0.00018894338204683483
CS-45-R,mean_total_shift,inoculation,30,0.000817777772479532,3.0699801683245555e-07,9.134573862784187e-05,0.35830650210264864,0.24332572383144072,0.0008178453234140094,3.2275015994369396e-07
CS-45-R,mean_total_shift,seeding_regime,30,0.000817777772479532,0.0006283064589442195,0.18694947338446774,0.21445059549705972,0.24332572383144072,0.0008178453234140094,0.0006283223164495282
D-A95,mean_total_shift,topology,30,0.0004680432328858112,7.81120210083384e-07,0.00023241844779128379,0.6491359665067092,0.13926394463013855,0.00046817267647573225,8.157826966994804e-07
D-A95,mean_total_shift,message_condition,30,0.0004680432328858112,0.00046119463721719785,0.1372261789260873,1.0752134675810168,0.13926394463013855,0.00046817267647573225,0.0004612297503816373
D-A95,mean_total_shift,inoculation,30,0.0004680432328858112,7.646709544879265e-07,0.00022752405330056868,0.89247017876207,0.13926394463013855,0.00046817267647573225,7.945612235123089e-07
D-A95,mean_total_shift,seeding_regime,30,0.0004680432328858112,5.302804504042676e-06,0.0015778232029595826,0.0018099282086122897,0.13926394463013855,0.00046817267647573225,5.332582173883823e-06
E-S,mean_total_shift,topology,30,0.003002707870231799,1.1388990928158478e-06,0.00033887378143103474,0.9464617018291077,0.8934408473382702,0.003002848434737998,1.17621160817371e-06
E-S,mean_total_shift,message_condition,30,0.003002707870231799,3.845136838061208e-05,0.01144101412190924,0.08964421047741379,0.8934408473382702,0.003002848434737998,3.8490211244976134e-05
E-S,mean_total_shift,inoculation,30,0.003002707870231799,9.215103576038001e-07,0.0002741908405045658,1.0755221036641949,0.8934408473382702,0.003002848434737998,9.536002993545158e-07
E-S,mean_total_shift,seeding_regime,30,0.003002707870231799,0.002962196092400767,0.8813867685944253,1.0110427912230078,0.8934408473382702,0.003002848434737998,0.002962228411585494
E-SD,mean_total_shift,topology,60,6.148217537319391e-08,1.2960113903488201e-09,3.856217670165539e-07,0.0010770270639751832,1.829371661699013e-05,6.523257566520047e-08,2.3156508420426125e-09
E-SD,mean_total_shift,message_condition,60,6.148217537319391e-08,5.832215693004673e-08,1.7353468788208825e-05,0.00013597029004486737,1.829371661699013e-05,6.523257566520047e-08,5.933767035109116e-08
E-SD,mean_total_shift,inoculation,60,6.148217537319391e-08,1.7688849749485048e-09,5.263229588631031e-07,0.0020645181833263393,1.829371661699013e-05,6.523257566520047e-08,2.633470502377447e-09
E-SD,mean_total_shift,seeding_regime,60,6.148217537319391e-08,9.512207785258776e-11,2.8303102902458603e-08,3.246661871769191e-08,1.829371661699013e-05,6.523257566520047e-08,9.457839696919876e-10
J-S06-D05,mean_total_shift,topology,60,1.0541267617763005e-08,1.9871198182819376e-10,5.912576550683337e-08,0.00016513603503708922,3.1365019440624473e-06,1.1264862709763e-08,3.931933480798121e-10
J-S06-D05,mean_total_shift,message_condition,60,1.0541267617763005e-08,1.0020758767633662e-08,2.981627115006656e-06,2.3362055654749683e-05,3.1365019440624473e-06,1.1264862709763e-08,1.0214402868132454e-08
J-S06-D05,mean_total_shift,inoculation,60,1.0541267617763005e-08,3.464776580764746e-10,1.0309271024481252e-07,0.00040438436379167716,3.1365019440624473e-06,1.1264862709763e-08,5.127923882323599e-10
J-S06-D05,mean_total_shift,seeding_regime,60,1.0541267617763005e-08,-2.468078977497742e-11,-7.34364669575109e-09,-8.423930693750105e-09,3.1365019440624473e-06,1.1264862709763e-08,1.4447410531872402e-10
J-S06-D50,mean_total_shift,topology,30,1.2760842792860701e-06,4.191201715690078e-08,1.2470713016590205e-05,0.03483023152414182,0.00037969255386551475,1.2879189740324414e-06,4.503141448051196e-08
J-S06-D50,mean_total_shift,message_condition,30,1.2760842792860701e-06,1.1260544774963607e-06,0.0003350519297922035,0.0026252450521530987,0.00037969255386551475,1.2879189740324414e-06,1.1292930163001133e-06
J-S06-D50,mean_total_shift,inoculation,30,1.2760842792860701e-06,3.7427099621065405e-08,1.113624802810976e-05,0.043682279408306525,0.00037969255386551475,1.2879189740324414e-06,4.0122800178857416e-08
J-S06-D50,mean_total_shift,seeding_regime,30,1.2760842792860701e-06,7.069068501177974e-08,2.103366302862212e-05,2.4127811008572017e-05,0.00037969255386551475,1.2879189740324414e-06,7.34717430729952e-08
J-S06-D95,mean_total_shift,topology,30,5.124806545862816e-06,1.1653034810005267e-07,3.4673027629257014e-05,0.09684045959227712,0.0015248607925442068,5.148598680043095e-06,1.2294123649775753e-07
J-S06-D95,mean_total_shift,message_condition,30,5.124806545862816e-06,4.4069058201333844e-06,0.001311252989048175,0.010274110117063365,0.0015248607925442068,5.148598680043095e-06,4.413324100692103e-06
J-S06-D95,mean_total_shift,inoculation,30,5.124806545862816e-06,1.3044169324581282e-07,3.881227944188293e-05,0.1522423738025684,0.0015248607925442068,5.148598680043095e-06,1.3576061671604452e-07
J-S06-D95,mean_total_shift,seeding_regime,30,5.124806545862816e-06,4.7092868438364466e-07,0.00014012249642491532,0.00016073515617270678,0.0015248607925442068,5.148598680043095e-06,4.7657272613726743e-07
J-S14-D50,mean_total_shift,topology,30,7.836776282002254e-06,2.9669587983217163e-07,8.828038881403596e-05,0.2465637993067107,0.0023317939487906445,7.900004277958707e-06,3.1354073971522125e-07
J-S14-D50,mean_total_shift,message_condition,30,7.836776282002254e-06,6.661610359117876e-06,0.0019821291517873227,0.015530651477474856,0.0023317939487906445,7.900004277958707e-06,6.678736211100478e-06
J-S14-D50,mean_total_shift,inoculation,30,7.836776282002254e-06,2.0343589322491415e-07,6.053134193432345e-05,0.23743607224449273,0.0023317939487906445,7.900004277958707e-06,2.1747594249584783e-07
J-S14-D50,mean_total_shift,seeding_regime,30,7.836776282002254e-06,6.750341498274683e-07,0.00020085306625501487,0.00023039947043454446,0.0023317939487906445,7.900004277958707e-06,6.902513846473349e-07
J-S14-D95,mean_total_shift,topology,30,3.2892096872360166e-05,7.624816525434615e-07,0.0002268726373557365,0.6336467269418067,0.009786880432729324,3.301774322844524e-05,7.959784654469137e-07
J-S14-D95,mean_total_shift,message_condition,30,3.2892096872360166e-05,2.693349297649319e-05,0.008013927370443734,0.06279182809249785,0.009786880432729324,3.301774322844524e-05,2.6967505196627504e-05
J-S14-D95,mean_total_shift,inoculation,30,3.2892096872360166e-05,8.017635177936855e-07,0.00023856076170580143,0.9357620109023437,0.009786880432729324,3.301774322844524e-05,8.306443873293644e-07
J-S14-D95,mean_total_shift,seeding_regime,30,3.2892096872360166e-05,4.3943587255304035e-06,0.0013075196632242228,0.001499861782578553,0.009786880432729324,3.301774322844524e-05,4.423615179042033e-06
J-S18-D05,mean_total_shift,topology,60,1.0162076515870838e-07,2.1370247800265532e-09,6.358611336048526e-07,0.0017759361851401075,3.02367551071663e-05,1.0776107167136532e-07,3.7933664489357906e-09
J-S18-D05,mean_total_shift,message_condition,60,1.0162076515870838e-07,9.59607646161335e-08,2.855264999297056e-05,0.0002237196579240517,3.02367551071663e-05,1.0776107167136532e-07,9.762405426447762e-08
J-S18-D05,mean_total_shift,inoculation,60,1.0162076515870838e-07,3.2668589160750133e-09,9.720376820697266e-07,0.0038128480540658015,3.02367551071663e-05,1.0776107167136532e-07,4.682844229935674e-09
J-S18-D05,mean_total_shift,seeding_regime,60,1.0162076515870838e-07,2.561168464778729e-10,7.620629852251724e-08,8.741659338708948e-08,3.02367551071663e-05,1.0776107167136532e-07,1.6608067280207763e-09
J-S18-D50,mean_total_shift,topology,30,1.3474721409360826e-05,5.44588049371224e-07,0.00016203947546950732,0.45257014888765446,0.0040093365834809325,1.3579427602626254e-05,5.719245289315707e-07
J-S18-D50,mean_total_shift,message_condition,30,1.3474721409360826e-05,1.1050665779135652e-05,0.003288070842735964,0.025763145779745096,0.0040093365834809325,1.3579427602626254e-05,1.1079646492782499e-05
J-S18-D50,mean_total_shift,inoculation,30,1.3474721409360826e-05,3.9698063614672424e-07,0.00011811962111000656,0.4633278892412034,0.0040093365834809325,1.3579427602626254e-05,4.207445125920508e-07
J-S18-D50,mean_total_shift,seeding_regime,30,1.3474721409360826e-05,1.4824869447075322e-06,0.0004411066441655454,0.0005059954478955494,0.0040093365834809325,1.3579427602626254e-05,1.5071120683204388e-06
J-S18-D95,mean_total_shift,topology,30,5.646046457619609e-05,1.3021317274222677e-06,0.00038744284298438514,1.082113260530122,0.016799531453645843,5.665928751618845e-05,1.3552862709566665e-06
J-S18-D95,mean_total_shift,message_condition,30,5.646046457619609e-05,4.413508331846481e-05,0.013132175336906927,0.10289502987970577,0.016799531453645843,5.665928751618845e-05,4.418864610067102e-05
J-S18-D95,mean_total_shift,inoculation,30,5.646046457619609e-05,1.3067867053912628e-06,0.0003888279086120444,1.525189570389065,0.016799531453645843,5.665928751618845e-05,1.3532620671204133e-06
J-S18-D95,mean_total_shift,seeding_regime,30,5.646046457619609e-05,9.716462824918782e-06,0.0028910853651427934,0.003316377237996634,0.016799531453645843,5.665928751618845e-05,9.762093077441376e-06
NC-NoOp,mean_total_shift,topology,30,0.0033608356716367236,1.2033229560317555e-06,0.00035804278268855035,1.0,1.0,0.0033609760803919877,1.2405441608435302e-06
NC-NoOp,mean_total_shift,message_condition,30,0.0033608356716367236,0.0004289330920070968,0.12762691601586304,1.0,1.0,0.0033609760803919877,0.0004289723176639915
NC-NoOp,mean_total_shift,inoculation,30,0.0033608356716367236,8.568028071801664e-07,0.00025493742952415886,1.0,1.0,0.0033609760803919877,8.884876613631394e-07
NC-NoOp,mean_total_shift,seeding_regime,30,0.0033608356716367236,0.002929842453866415,0.8717601037719244,1.0,1.0,0.0033609760803919877,0.00292987473090579
PC-M01,mean_total_shift,topology,30,8.040186822155756e-05,1.4790431300415136e-07,4.400819541769565e-05,0.12291323145026761,0.023923177470442026,8.043342767532898e-05,1.561581479560797e-07
PC-M01,mean_total_shift,message_condition,30,8.040186822155756e-05,7.319597605777213e-05,0.021779099964779225,0.17064660531382148,0.023923177470442026,8.043342767532898e-05,7.32047191737212e-05
PC-M01,mean_total_shift,inoculation,30,8.040186822155756e-05,1.0519126676219699e-07,3.1299140166222094e-05,0.12277185121322512,0.023923177470442026,8.043342767532898e-05,1.1220034555138733e-07
PC-M01,mean_total_shift,seeding_regime,30,8.040186822155756e-05,6.952796584019164e-06,0.0020687701700789077,0.002373095718796685,0.023923177470442026,8.043342767532898e-05,6.960350008100398e-06
PC-M05,mean_total_shift,topology,30,2.962449512623758e-05,1.5634931604632984e-08,4.652096422500416e-06,0.01299313000409541,0.00881462172525992,2.962914705866462e-05,1.6844689580829887e-08
PC-M05,mean_total_shift,message_condition,30,2.962449512623758e-05,6.40658575178239e-06,0.0019062478436092025,0.014936095794810793,0.00881462172525992,2.962914705866462e-05,6.407849868887519e-06
PC-M05,mean_total_shift,inoculation,30,2.962449512623758e-05,8.517661154161949e-09,2.534387868483274e-06,0.00994121527471942,0.00881462172525992,2.962914705866462e-05,9.616445614885939e-09
PC-M05,mean_total_shift,seeding_regime,30,2.962449512623758e-05,2.31937567816964e-05,0.006901187397359736,0.00791638361000892,0.00881462172525992,2.962914705866462e-05,2.3194836054581392e-05
S-A06,mean_total_shift,topology,30,0.000525973352268962,1.686623526897276e-07,5.0184647262919944e-05,0.14016382870807348,0.15650076458894926,0.0005260030613287432,1.7645463702443418e-07
S-A06,mean_total_shift,message_condition,30,0.000525973352268962,7.876165291011463e-06,0.0023435139532352613,0.01836222347442745,0.15650076458894926,0.0005260030613287432,7.884355726571905e-06
S-A06,mean_total_shift,inoculation,30,0.000525973352268962,2.223238473367894e-07,6.615135908400958e-05,0.2594807643878782,0.15650076458894926,0.0005260030613287432,2.2927165739330563e-07
S-A06,mean_total_shift,seeding_regime,30,0.000525973352268962,0.0005177062007779242,0.1540409146293671,0.17670103731848263,0.15650076458894926,0.0005260030613287432,0.0005177129793077536
S-A18,mean_total_shift,topology,30,0.004764187324306784,1.8330043365829576e-06,0.0005454013571839668,1.5232854383728593,1.417560330162358,0.004764388600765616,1.8859579769774867e-06
S-A18,mean_total_shift,message_condition,30,0.004764187324306784,5.634308920667484e-05,0.01676460699408008,0.1313563589673856,1.417560330162358,0.004764388600765616,5.6399397927111e-05
S-A18,mean_total_shift,inoculation,30,0.004764187324306784,1.3272681629471009e-06,0.0003949220648151246,1.549094087722808,1.417560330162358,0.004764388600765616,1.3743437477556558e-06
S-A18,mean_total_shift,seeding_regime,30,0.004764187324306784,0.00470468396260058,1.399855399746279,1.6057805280253095,1.417560330162358,0.004764388600765616,0.004704728901113772
C-D1,mean_signed_shift,topology,30,7.643131753517968e-07,1.2913889349313363e-09,5.723132993315809e-07,0.0010924954186320457,0.0003387256799838091,7.732043321804493e-07,3.657370253175773e-09
C-D1,mean_signed_shift,message_condition,30,7.643131753517968e-07,7.573142172623859e-07,0.00033562390584924355,0.002687062757580952,0.0003387256799838091,7.732043321804493e-07,7.597561081193835e-07
C-D1,mean_signed_shift,inoculation,30,7.643131753517968e-07,5.11169377074759e-09,2.2653828354699297e-06,0.0031286889945849475,0.0003387256799838091,7.732043321804493e-07,7.189073375151666e-09
C-D1,mean_signed_shift,seeding_regime,30,7.643131753517968e-07,5.958753837330172e-10,2.6407799976453063e-07,3.022011462538918e-07,0.0003387256799838091,7.732043321804493e-07,2.6017804327391624e-09
C-D10,mean_signed_shift,topology,30,9.561950520382896e-05,7.218528523226446e-08,3.1990826030010184e-05,0.06106765458160714,0.042376322905822585,9.566239878415363e-05,8.325113471178774e-08
C-D10,mean_signed_shift,message_condition,30,9.561950520382896e-05,1.969832112556294e-05,0.008729834095460427,0.06989255434119422,0.042376322905822585,9.566239878415363e-05,1.9710456233783828e-05
C-D10,mean_signed_shift,inoculation,30,9.561950520382896e-05,1.5203427651114848e-07,6.737802690419651e-05,0.09305486381875887,0.042376322905822585,9.566239878415363e-05,1.618983739055832e-07
C-D10,mean_signed_shift,seeding_regime,30,9.561950520382896e-05,7.56969645165226e-05,0.03354711995742795,0.03839008972232153,0.042376322905822585,9.566239878415363e-05,7.570679304175244e-05
C-D5,mean_signed_shift,topology,30,2.1112562808369886e-05,1.7385898756623306e-08,7.705022716318201e-06,0.014708206200807705,0.009356592852366242,2.1137363806657747e-05,2.4110634420496595e-08
C-D5,mean_signed_shift,message_condition,30,2.1112562808369886e-05,6.041249116918754e-06,0.002677339971456088,0.021435244633360544,0.009356592852366242,2.1137363806657747e-05,6.047990263853021e-06
C-D5,mean_signed_shift,inoculation,30,2.1112562808369886e-05,5.064087376715482e-08,2.2442847977674122e-05,0.03099550785654574,0.009356592852366242,2.1137363806657747e-05,5.626501516157523e-08
C-D5,mean_signed_shift,seeding_regime,30,2.1112562808369886e-05,1.5003286918927356e-05,0.0066491050102161645,0.007608991121719733,0.009356592852366242,2.1137363806657747e-05,1.5008997893222658e-05
C-D50,mean_signed_shift,topology,30,0.0022564370536899666,1.1820543252696956e-06,0.0005238587636808544,1.0,1.0,0.0022566201586907675,1.230916591498974e-06
C-D50,mean_signed_shift,message_condition,30,0.0022564370536899666,0.0002818371901161563,0.12490363498297727,1.0,1.0,0.0022566201586907675,0.00028188759231405206
C-D50,mean_signed_shift,inoculation,30,0.0022564370536899666,1.6338133255158232e-06,0.0007240677610944376,1.0,1.0,0.0022566201586907675,1.6757968998783594e-06
C-D50,mean_signed_shift,seeding_regime,30,0.0022564370536899666,0.001971783995923025,0.8738484384922476,1.0,1.0,0.0022566201586907675,0.0019718258528853387
CS-0,mean_signed_shift,topology,30,7.02710941447598e-05,2.2216527433564577e-07,9.845844091787866e-05,0.1879484466883169,0.03114250141826248,7.036324681528628e-05,2.46771828482416e-07
CS-0,mean_signed_shift,message_condition,30,7.02710941447598e-05,6.940197152035289e-05,0.030757326647716313,0.24624845107116483,0.03114250141826248,7.036324681528628e-05,6.942693701943306e-05
CS-0,mean_signed_shift,inoculation,30,7.02710941447598e-05,5.294065509840462e-07,0.00023462057145281505,0.32403123583099885,0.03114250141826248,7.036324681528628e-05,5.506066524493594e-07
CS-0,mean_signed_shift,seeding_regime,30,7.02710941447598e-05,1.1755079908730013e-07,5.209575817551326e-05,5.961646880710817e-05,0.03114250141826248,7.036324681528628e-05,1.3893131492154206e-07
CS-15,mean_signed_shift,topology,30,9.702707163084393e-05,1.9483640957969914e-07,8.634692878362454e-05,0.16482864231747182,0.04300012334586286,9.712452542164575e-05,2.2078570957638208e-07
CS-15,mean_signed_shift,message_condition,30,9.702707163084393e-05,6.900388836408184e-05,0.03058090552592164,0.24483599320459662,0.04300012334586286,9.712452542164575e-05,6.903034431501891e-05
CS-15,mean_signed_shift,inoculation,30,9.702707163084393e-05,5.073301905622526e-07,0.00022483684609442666,0.31051906765546766,0.04300012334586286,9.712452542164575e-05,5.305135444324847e-07
CS-15,mean_signed_shift,seeding_regime,30,9.702707163084393e-05,2.732101666662022e-05,0.012108034045063202,0.013855988649421407,0.04300012334586286,9.712452542164575e-05,2.734288185261806e-05
CS-30,mean_signed_shift,topology,30,0.00018796708118135397,2.1947453676122502e-07,9.726596910927201e-05,0.18567212358124918,0.08330260348896955,0.0001880612010535817,2.443178274803614e-07
CS-30,mean_signed_shift,message_condition,30,0.00018796708118135397,7.284460632601298e-05,0.0322830216809681,0.2584634281089406,0.08330260348896955,0.0001880612010535817,7.286970851839288e-05
CS-30,mean_signed_shift,inoculation,30,0.00018796708118135397,5.117570745142796e-07,0.00022679873727361453,0.3132286085086918,0.08330260348896955,0.0001880612010535817,5.343700038800641e-07
CS-30,mean_signed_shift,seeding_regime,30,0.00018796708118135397,0.00011439124324406558,0.0506955171016186,0.05801408444362443,0.08330260348896955,0.0001880612010535817,0.00011441280470382846
CS-45,mean_signed_shift,topology,30,0.00033947792681433034,2.722087241181845e-07,0.00012063652459218384,0.23028444488461036,0.15044865809980376,0.00033956993205690606,2.968701304939264e-07
CS-45,mean_signed_shift,message_condition,30,0.00033947792681433034,7.974179109514616e-05,0.035339692266063386,0.2829356589252164,0.15044865809980376,0.00033956993205690606,7.976692556349734e-05
CS-45,mean_signed_shift,inoculation,30,0.00033947792681433034,5.627043126321817e-07,0.00024937735874882373,0.3444116312703755,0.15044865809980376,0.00033956993205690606,5.844634646057799e-07
CS-45,mean_signed_shift,seeding_regime,30,0.00033947792681433034,0.000258901222682434,0.11473895195039945,0.13130303482417607,0.15044865809980376,0.00033956993205690606,0.0002589216728983091
CS-45-R,mean_signed_shift,topology,30,0.0003876820336150123,2.1304067924597758e-07,9.441463430038553e-05,0.18022917787418152,0.1718115880879696,0.0003877756751483129,2.3743416125388466e-07
CS-45-R,mean_signed_shift,message_condition,30,0.0003876820336150123,9.15471845198199e-05,0.04057156585427995,0.32482293937890055,0.1718115880879696,0.0003877756751483129,9.157271223895039e-05
CS-45-R,mean_signed_shift,inoculation,30,0.0003876820336150123,6.28069996590292e-07,0.0002783458973797674,0.38441968049930025,0.1718115880879696,0.0003877756751483129,6.505966990456597e-07
CS-45-R,mean_signed_shift,seeding_regime,30,0.0003876820336150123,0.00029529373841935617,0.13086726170200952,0.14975967906724197,0.1718115880879696,0.0003877756751483129,0.00029531493204906296
D-A95,mean_signed_shift,topology,30,0.00024255398408657908,7.275294595049003e-07,0.00032242399951515,0.6154788692464777,0.10749423906593314,0.0002427358002693391,7.747176951357192e-07
D-A95,mean_signed_shift,message_condition,30,0.00024255398408657908,0.0002388818688942305,0.10586684370547159,0.8475881724330909,0.10749423906593314,0.0002427358002693391,0.00023893089237060676
D-A95,mean_signed_shift,inoculation,30,0.00024255398408657908,1.5970580003614544e-06,0.0007077786627150865,0.97750335085389,0.10749423906593314,0.0002427358002693391,1.639353575501652e-06
D-A95,mean_signed_shift,seeding_regime,30,0.00024255398408657908,1.3475277324824505e-06,0.0005971926982314129,0.0006834053503166051,0.10749423906593314,0.0002427358002693391,1.3908366280951783e-06
E-S,mean_signed_shift,topology,30,0.0021033080740034092,1.0588406768708406e-06,0.0004692533634560341,0.8957631254631696,0.9321368263137921,0.002103489237260765,1.106455590872201e-06
E-S,mean_signed_shift,message_condition,30,0.0021033080740034092,6.0647966473235064e-05,0.026877756848593247,0.21518794751054549,0.9321368263137921,0.002103489237260765,6.069788719971934e-05
E-S,mean_signed_shift,inoculation,30,0.0021033080740034092,1.5968481258644635e-06,0.0007076856512585304,0.9773748940138622,0.9321368263137921,0.002103489237260765,1.6390128722468053e-06
E-S,mean_signed_shift,seeding_regime,30,0.0021033080740034092,0.002040004418727439,0.9040821304504845,1.03459832463671,0.9321368263137921,0.002103489237260765,0.002040045881597927
E-SD,mean_signed_shift,topology,60,1.6277483657997324e-07,1.1438548318833349e-09,5.069296437996272e-07,0.0009676838089673712,7.213799131413238e-05,1.6698503966158945e-07,2.2758287625616537e-09
E-SD,mean_signed_shift,message_condition,60,1.6277483657997324e-07,1.5681167238410376e-07,6.949525674898335e-05,0.0005563909870073408,7.213799131413238e-05,1.6698503966158945e-07,1.5794316411934028e-07
E-SD,mean_signed_shift,inoculation,60,1.6277483657997324e-07,4.915957625617593e-09,2.1786371649847244e-06,0.0030088857452950078,7.213799131413238e-05,1.6698503966158945e-07,5.892510826373732e-09
E-SD,mean_signed_shift,seeding_regime,60,1.6277483657997324e-07,-9.664826163068789e-11,-4.2832243634998966e-08,-4.901564361538761e-08,7.213799131413238e-05,1.6698503966158945e-07,8.735359533145123e-10
J-S06-D05,mean_signed_shift,topology,60,2.5201946504872687e-08,2.7090190989253e-10,1.200573751656499e-07,0.00022917889990438592,1.1168911831003561e-05,2.593583028159866e-08,4.670945273139664e-10
J-S06-D05,mean_signed_shift,message_condition,60,2.5201946504872687e-08,2.414466040042949e-08,1.0700347417600489e-05,8.56688231616222e-05,1.1168911831003561e-05,2.593583028159866e-08,2.4344619697095627e-08
J-S06-D05,mean_signed_shift,inoculation,60,2.5201946504872687e-08,8.016627330938892e-10,3.552781283142487e-07,0.0004906697237524308,1.1168911831003561e-05,2.593583028159866e-08,9.699748028382856e-10
J-S06-D05,mean_signed_shift,seeding_regime,60,2.5201946504872687e-08,-1.527853854310025e-11,-6.771090076771765e-09,-7.748586343479327e-09,1.1168911831003561e-05,2.593583028159866e-08,1.541412543508979e-10
J-S06-D50,mean_signed_shift,topology,30,2.3952854136402346e-06,3.7353149670506664e-08,1.6554040188899935e-05,0.031600197107678814,0.0010615343378283955,2.4104898568606216e-06,4.1449934611228414e-08
J-S06-D50,mean_signed_shift,message_condition,30,2.3952854136402346e-06,2.283098129808898e-06,0.001011815563866642,0.00810076955730343,0.0010615343378283955,2.4104898568606216e-06,2.2872553615960277e-06
J-S06-D50,mean_signed_shift,inoculation,30,2.3952854136402346e-06,7.357719160839167e-08,3.2607686302647086e-05,0.045034025894703775,0.0010615343378283955,2.4104898568606216e-06,7.700455791364083e-08
J-S06-D50,mean_signed_shift,seeding_regime,30,2.3952854136402346e-06,1.2569425524488244e-09,5.570474702112066e-07,6.374646285027933e-07,0.0010615343378283955,2.4104898568606216e-06,4.7800027397352326e-09
J-S06-D95,mean_signed_shift,topology,30,8.449584337677293e-06,1.1866476758300832e-07,5.2589442895805596e-05,0.10038859047864315,0.0037446576778464224,8.48150596332243e-06,1.2715240130257176e-07
J-S06-D95,mean_signed_shift,message_condition,30,8.449584337677293e-06,8.054166029376384e-06,0.0035694175541947214,0.02857737130453558,0.0037446576778464224,8.48150596332243e-06,8.063042594833069e-06
J-S06-D95,mean_signed_shift,inoculation,30,8.449584337677293e-06,2.469888956402469e-07,0.00010945968788996099,0.15117326550281882,0.0037446576778464224,8.48150596332243e-06,2.541668721795445e-07
J-S06-D95,mean_signed_shift,seeding_regime,30,8.449584337677293e-06,2.9764645077701527e-08,1.3190992865955292e-05,1.509528687688136e-05,0.0037446576778464224,8.48150596332243e-06,3.714409500729104e-08
J-S14-D50,mean_signed_shift,topology,30,1.5189292476108938e-05,2.0070248124493124e-07,8.894663421553069e-05,0.16979124982190585,0.00673153831225639,1.5274287387448027e-05,2.2334614417309596e-07
J-S14-D50,mean_signed_shift,message_condition,30,1.5189292476108938e-05,1.4444710802726875e-05,0.006401557171340252,0.051251968545292535,0.00673153831225639,1.5274287387448027e-05,1.4468062968934384e-05
J-S14-D50,mean_signed_shift,inoculation,30,1.5189292476108938e-05,4.6378490901992085e-07,0.00020553859823454427,0.28386652365777215,0.00673153831225639,1.5274287387448027e-05,4.829941780883304e-07
J-S14-D50,mean_signed_shift,seeding_regime,30,1.5189292476108938e-05,8.009428311729202e-08,3.5495908466098496e-05,4.062021158651232e-05,0.00673153831225639,1.5274287387448027e-05,9.98840962522959e-08
J-S14-D95,mean_signed_shift,topology,30,5.316738998442608e-05,7.371446863607001e-07,0.0003266852426285247,0.6236132050804978,0.023562540730963928,5.33440732354379e-05,7.839568208581344e-07
J-S14-D95,mean_signed_shift,message_condition,30,5.316738998442608e-05,4.980267437061896e-05,0.02207137765672493,0.17670724842982327,0.023562540730963928,5.33440732354379e-05,4.984998551020032e-05
J-S14-D95,mean_signed_shift,inoculation,30,5.316738998442608e-05,1.5955417372792008e-06,0.0007071066904658389,0.9765752992469079,0.023562540730963928,5.33440732354379e-05,1.6367968317977644e-06
J-S14-D95,mean_signed_shift,seeding_regime,30,5.316738998442608e-05,1.0320291901674765e-06,0.0004573711411447495,0.0005233987050819764,0.023562540730963928,5.33440732354379e-05,1.0733340725819488e-06
J-S18-D05,mean_signed_shift,topology,60,2.767329510220362e-07,1.7599403763467277e-09,7.799643129723851e-07,0.001488882819277517,0.00012264155588541368,2.836965924714048e-07,3.6297729129468304e-09
J-S18-D05,mean_signed_shift,message_condition,60,2.767329510220362e-07,2.6631539022849076e-07,0.0001180247371815595,0.0009449263602107715,0.00012264155588541368,2.836965924714048e-07,2.6817023739539526e-07
J-S18-D05,mean_signed_shift,inoculation,60,2.767329510220362e-07,8.777736605540684e-09,3.890087069429388e-06,0.005372545607540201,0.00012264155588541368,2.836965924714048e-07,1.0415085120708986e-08
J-S18-D05,mean_signed_shift,seeding_regime,60,2.767329510220362e-07,-1.2011618834080295e-10,-5.323267854708207e-08,-6.091751864766229e-08,0.00012264155588541368,2.836965924714048e-07,1.481497042354863e-09
J-S18-D50,mean_signed_shift,topology,30,2.565654117372651e-05,3.5061287420633245e-07,0.00015538340572495603,0.29661316464988796,0.01137037753026179,2.5796779918669474e-05,3.876355866571194e-07
J-S18-D50,mean_signed_shift,message_condition,30,2.565654117372651e-05,2.4199438649960732e-05,0.01072462385351598,0.08586318448600479,0.01137037753026179,2.5796779918669474e-05,2.4237658377937406e-05
J-S18-D50,mean_signed_shift,inoculation,30,2.565654117372651e-05,8.448782197475646e-07,0.00037443021881152394,0.5171204118321302,0.01137037753026179,2.5796779918669474e-05,8.775811911524274e-07
J-S18-D50,mean_signed_shift,seeding_regime,30,2.565654117372651e-05,2.6161142981200874e-07,0.0001159400522093864,0.00013267752976641036,0.01137037753026179,2.5796779918669474e-05,2.9390476292264675e-07
J-S18-D95,mean_signed_shift,topology,30,8.970220634300208e-05,1.178180955167635e-06,0.0005221421768628325,0.9967231877425119,0.03975391478185109,8.998116063253079e-05,1.2524614951854651e-06
J-S18-D95,mean_signed_shift,message_condition,30,8.970220634300208e-05,8.299952949870548e-05,0.03678344554880261,0.2944945962046318,0.03975391478185109,8.998116063253079e-05,8.307438933870438e-05
J-S18-D95,mean_signed_shift,inoculation,30,8.970220634300208e-05,2.652410324655469e-06,0.0011754860700935418,1.62344760152942,0.03975391478185109,8.998116063253079e-05,2.717499465251722e-06
J-S18-D95,mean_signed_shift,seeding_regime,30,8.970220634300208e-05,2.8720855644738795e-06,0.0012728409860922726,0.001456592390653525,0.03975391478185109,8.998116063253079e-05,2.9368103333895895e-06
NC-NoOp,mean_signed_shift,topology,30,0.0022564370536899666,1.1820543252696956e-06,0.0005238587636808544,1.0,1.0,0.0022566201586907675,1.230916591498974e-06
NC-NoOp,mean_signed_shift,message_condition,30,0.0022564370536899666,0.0002818371901161563,0.12490363498297727,1.0,1.0,0.0022566201586907675,0.00028188759231405206
NC-NoOp,mean_signed_shift,inoculation,30,0.0022564370536899666,1.6338133255158232e-06,0.0007240677610944376,1.0,1.0,0.0022566201586907675,1.6757968998783594e-06
NC-NoOp,mean_signed_shift,seeding_regime,30,0.0022564370536899666,0.001971783995923025,0.8738484384922476,1.0,1.0,0.0022566201586907675,0.0019718258528853387
PC-M01,mean_signed_shift,topology,30,3.442216323294757e-05,1.0298196253165717e-07,4.563919138061045e-05,0.08712117567706626,0.01525509571678801,3.4464380057139555e-05,1.143509327414987e-07
PC-M01,mean_signed_shift,message_condition,30,3.442216323294757e-05,3.1082797260220365e-05,0.013775167009152973,0.11028635804738868,0.01525509571678801,3.4464380057139555e-05,3.109411770307796e-05
PC-M01,mean_signed_shift,inoculation,30,3.442216323294757e-05,2.4508261992060516e-07,0.00010861487118367425,0.15000650079973385,0.01525509571678801,3.4464380057139555e-05,2.547801513113228e-07
PC-M01,mean_signed_shift,seeding_regime,30,3.442216323294757e-05,2.9913013902749658e-06,0.0013256746450707635,0.0015170532859887058,0.01525509571678801,3.4464380057139555e-05,3.0011312700088e-06
PC-M05,mean_signed_shift,topology,30,1.1073791215250941e-05,1.0352159319651957e-08,4.587834303962967e-06,0.008757769502082761,0.004907644641423476,1.1080082079112176e-05,1.2022796998629555e-08
PC-M05,mean_signed_shift,message_condition,30,1.1073791215250941e-05,2.5885154732825304e-06,0.0011471693699806576,0.009184435426054668,0.004907644641423476,1.1080082079112176e-05,2.5901601063434085e-06
PC-M05,mean_signed_shift,inoculation,30,1.1073791215250941e-05,2.2531522634346415e-08,9.985442579707891e-06,0.013790757048228151,0.004907644641423476,1.1080082079112176e-05,2.4069217680490684e-08
PC-M05,mean_signed_shift,seeding_regime,30,1.1073791215250941e-05,8.452392060014414e-06,0.0037459019945591484,0.004286672413150259,0.004907644641423476,1.1080082079112176e-05,8.453829958089649e-06
S-A06,mean_signed_shift,topology,30,0.00035842634234144313,1.7550268194230972e-07,7.777867397422365e-05,0.1484726024772739,0.15884615161557739,0.0003584630976416276,1.853208434080661e-07
S-A06,mean_signed_shift,message_condition,30,0.00035842634234144313,1.1831904504936623e-05,0.005243622677436462,0.04198134568422367,0.15884615161557739,0.0003584630976416276,1.1841710004778556e-05
S-A06,mean_signed_shift,inoculation,30,0.00035842634234144313,3.568332996465127e-07,0.00015814015244209045,0.21840518379531165,0.15884615161557739,0.0003584630976416276,3.655357461974067e-07
S-A06,mean_signed_shift,seeding_regime,30,0.00035842634234144313,0.00034606210185491785,0.15336661011172467,0.17550710553004584,0.15884615161557739,0.0003584630976416276,0.0003460705310472437
S-A18,mean_signed_shift,topology,30,0.003339043617005961,1.7975807212414764e-06,0.0007966456313513734,1.5207259791814927,1.4797858471370167,0.003339311558531198,1.8686095191170666e-06
S-A18,mean_signed_shift,message_condition,30,0.003339043617005961,9.20863829619191e-05,0.040810525962303994,0.3267360951333877,1.4797858471370167,0.003339311558531198,9.216040619535689e-05
S-A18,mean_signed_shift,inoculation,30,0.003339043617005961,2.5438998977169116e-06,0.0011273967929027115,1.557032163949182,1.4797858471370167,0.003339311558531198,2.6061358930300112e-06
S-A18,mean_signed_shift,seeding_regime,30,0.003339043617005961,0.003242615753425082,1.437051278750458,1.6445086074994537,1.4797858471370167,0.003339311558531198,0.0032426764069236934
C-D1,conversion_rate,topology,30,9.056519831276259e-07,-4.5797345728125354e-09,-1.1170057141158693e-06,-0.0016070155458433849,0.00022089019004712003,1.0833112268560557e-06,4.2282549612237685e-08
C-D1,conversion_rate,message_condition,30,9.056519831276259e-07,9.216378727991838e-07,0.00022478917803964686,0.001311584904380449,0.00022089019004712003,1.0833112268560557e-06,9.697599726464465e-07
C-D1,conversion_rate,inoculation,30,9.056519831276259e-07,-6.493390895249275e-09,-1.5837500227719631e-06,-0.0020290937642104727,0.00022089019004712003,1.0833112268560557e-06,3.46796771745106e-08
C-D1,conversion_rate,seeding_regime,30,9.056519831276259e-07,-4.912764203495081e-09,-1.1982322556387438e-06,-1.4486503624906154e-06,0.00022089019004712003,1.0833112268560557e-06,3.658902742286176e-08
C-D10,conversion_rate,topology,30,0.00011399830595503865,5.8279991760174923e-08,1.4214597544844637e-05,0.020450279657300823,0.027804397203986093,0.00011469349842016805,2.42207585214282e-07
C-D10,conversion_rate,message_condition,30,0.00011399830595503865,2.2976034579927173e-05,0.005603897235848168,0.032697245856477306,0.027804397203986093,0.00011469349842016805,2.3161565303443068e-05
C-D10,conversion_rate,inoculation,30,0.00011399830595503865,1.5537231666762192e-07,3.789559477167938e-05,0.04855167415099901,0.027804397203986093,0.00011469349842016805,3.2151647407883945e-07
C-D10,conversion_rate,seeding_regime,30,0.00011399830595503865,9.08086190666837e-05,0.022148389775821408,0.02677717339550617,0.027804397203986093,0.00011469349842016805,9.096820905743186e-05
C-D5,conversion_rate,topology,30,2.6543493439270468e-05,1.75299199940048e-08,4.275579837648138e-06,0.00615119795697156,0.006474007035314675,2.69897315798868e-05,1.326811531192678e-07
C-D5,conversion_rate,message_condition,30,2.6543493439270468e-05,7.49431682327724e-06,0.001827877703806401,0.010665178921305689,0.006474007035314675,2.69897315798868e-05,7.617081916159077e-06
C-D5,conversion_rate,inoculation,30,2.6543493439270468e-05,4.432051248833802e-08,1.0809854788508894e-05,0.013849539780901594,0.006474007035314675,2.69897315798868e-05,1.500419376944505e-07
C-D5,conversion_rate,seeding_regime,30,2.6543493439270468e-05,1.8987326183510892e-05,0.0046310438968821185,0.00559888401297625,0.006474007035314675,2.69897315798868e-05,1.908992657291401e-05
C-D50,conversion_rate,topology,30,0.004100009977511601,2.8498383756511983e-06,0.0006950808391400151,1.0,1.0,0.00410233257944081,3.4861262135740966e-06
C-D50,conversion_rate,message_condition,30,0.004100009977511601,0.0007026902106917251,0.1713874391881859,1.0,1.0,0.00410233257944081,0.00070331126382624
C-D50,conversion_rate,inoculation,30,0.004100009977511601,3.20014333974156e-06,0.0007805208663623319,1.0,1.0,0.00410233257944081,3.723425369571263e-06
C-D50,conversion_rate,seeding_regime,30,0.004100009977511601,0.0033912697851044833,0.8271369591063117,1.0,1.0,0.00410233257944081,0.0033918117640314243
CS-0,conversion_rate,topology,30,8.16884319181745e-05,1.2422161515246238e-07,3.0297881184146675e-05,0.04358900357781774,0.019923959299180356,8.311494055432665e-05,4.999978812568901e-07
CS-0,conversion_rate,message_condition,30,8.16884319181745e-05,8.111258193356772e-05,0.01978350842521534,0.11543149555722551,0.019923959299180356,8.311494055432665e-05,8.149345960089372e-05
CS-0,conversion_rate,inoculation,30,8.16884319181745e-05,3.0558850400218937e-07,7.453360008349509e-05,0.09549213005779558,0.019923959299180356,8.311494055432665e-05,6.362098989551603e-07
CS-0,conversion_rate,seeding_regime,30,8.16884319181745e-05,1.4603986545217985e-07,3.561939269738439e-05,4.306347613322673e-05,0.019923959299180356,8.311494055432665e-05,4.852731732209329e-07
CS-15,conversion_rate,topology,30,0.00011225265603209159,8.692007609285407e-08,2.1199966968277488e-05,0.030500001977477938,0.02737862996621792,0.00011368277143319101,4.7247455348053904e-07
CS-15,conversion_rate,message_condition,30,0.00011225265603209159,8.147606973929361e-05,0.019872163771841228,0.11594877586111373,0.02737862996621792,0.00011368277143319101,8.18537822859514e-05
CS-15,conversion_rate,inoculation,30,0.00011225265603209159,2.0127578218305791e-07,4.9091534724805045e-05,0.0628958645956505,0.02737862996621792,0.00011368277143319101,5.302222021206579e-07
CS-15,conversion_rate,seeding_regime,30,0.00011225265603209159,3.0488390434522132e-05,0.007436174692683626,0.008990258035039462,0.02737862996621792,0.00011368277143319101,3.082629239163849e-05
CS-30,conversion_rate,topology,30,0.00021860685251447667,1.237834791945985e-07,3.0191019015452688e-05,0.043435262944100654,0.05331861476277544,0.0002200223483526125,5.068880267657721e-07
CS-30,conversion_rate,message_condition,30,0.00021860685251447667,8.833170835418331e-05,0.02154426668195428,0.12570505040511376,0.05331861476277544,0.0002200223483526125,8.870954536724658e-05
CS-30,conversion_rate,inoculation,30,0.00021860685251447667,4.2505279725831693e-07,0.00010367116167758502,0.1328230495114771,0.05331861476277544,0.0002200223483526125,7.518671396330024e-07
CS-30,conversion_rate,seeding_regime,30,0.00021860685251447667,0.0001297263078838405,0.03164048590012814,0.03825301910618819,0.05331861476277544,0.0002200223483526125,0.0001300540478189672
CS-45,conversion_rate,topology,30,0.00040822548879180647,1.1605661519427403e-07,2.830642262600339e-05,0.040723928832544644,0.09956695008814802,0.00040959553603773396,4.960212022205134e-07
CS-45,conversion_rate,message_condition,30,0.00040822548879180647,9.911691912805351e-05,0.024174799493588077,0.1410535078188769,0.09956695008814802,0.00040959553603773396,9.948016471637702e-05
CS-45,conversion_rate,inoculation,30,0.00040822548879180647,3.7810656477099863e-07,9.222088893561204e-05,0.11815300898413322,0.09956695008814802,0.00040959553603773396,6.90728065656379e-07
CS-45,conversion_rate,seeding_regime,30,0.00040822548879180647,0.0003086144064837878,0.07527162328299836,0.0910026114228124,0.09956695008814802,0.00040959553603773396,0.0003089286220534801
CS-45-R,conversion_rate,topology,30,0.00046329378672945696,4.4467608295246595e-07,0.00010845731727276211,0.15603554459500035,0.1129982095825634,0.00046466930987263473,8.073033430771374e-07
CS-45-R,conversion_rate,message_condition,30,0.00046329378672945696,0.0001106902617232793,0.026997559110931726,0.1575235573786012,0.1129982095825634,0.00046466930987263473,0.00011105869670030909
CS-45-R,conversion_rate,inoculation,30,0.00046329378672945696,8.994937633674709e-07,0.00021938818888274906,0.28107921048315077,0.1129982095825634,0.00046466930987263473,1.2324455761341971e-06
CS-45-R,conversion_rate,seeding_regime,30,0.00046329378672945696,0.00035125935515985783,0.08567280496547619,0.10357753213934753,0.1129982095825634,0.00046466930987263473,0.00035157086425311444
D-A95,conversion_rate,topology,30,0.0003059269692440844,8.753767488845179e-07,0.00021350600454289774,0.30716715599160643,0.074616152380624,0.00030841674071306873,1.5392428276745322e-06
D-A95,conversion_rate,message_condition,30,0.0003059269692440844,0.00030163589417996485,0.0735695512533936,0.42925871115101466,0.074616152380624,0.00030841674071306873,0.0003023071554990552
D-A95,conversion_rate,inoculation,30,0.0003059269692440844,1.7386100558559197e-06,0.00042405020119271167,0.5432913064438945,0.074616152380624,0.00030841674071306873,2.3199334926209763e-06
D-A95,conversion_rate,seeding_regime,30,0.0003059269692440844,1.6770882593794384e-06,0.0004090449214948753,0.0004945310652504658,0.074616152380624,0.00030841674071306873,2.2504088937183276e-06
E-S,conversion_rate,topology,30,0.003164700883491549,1.3097220377879813e-06,0.00031944362208183807,0.45957765499199765,0.7718763858746229,0.0031670234631929906,1.9607579570766037e-06
E-S,conversion_rate,message_condition,30,0.003164700883491549,0.00011016934490728967,0.026870506538170476,0.1567822395004471,0.7718763858746229,0.0031670234631929906,0.00011077608629623055
E-S,conversion_rate,inoculation,30,0.003164700883491549,3.8124856907052666e-06,0.0009298722958277189,1.1913484134786159,0.7718763858746229,0.0031670234631929906,4.347021443656855e-06
E-S,conversion_rate,seeding_regime,30,0.003164700883491549,0.0030494093308557667,0.7437565634185431,0.8991939668880741,0.7718763858746229,0.0031670234631929906,0.0030499395974960277
E-SD,conversion_rate,topology,60,5.1258821906304166e-08,-1.640032620546504e-09,-4.000069827980958e-07,-0.0005754826780910867,1.2502121260059575e-05,1.4512913313704446e-07,2.3906974382135925e-08
E-SD,conversion_rate,message_condition,60,5.1258821906304166e-08,5.544227982713967e-08,1.3522474367437755e-05,7.890003159793921e-05,1.2502121260059575e-05,1.4512913313704446e-07,8.104758960518841e-08
E-SD,conversion_rate,inoculation,60,5.1258821906304166e-08,-6.697999607703475e-10,-1.6336544653407549e-07,-0.00020930311228635148,1.2502121260059575e-05,1.4512913313704446e-07,2.055565981903223e-08
E-SD,conversion_rate,seeding_regime,60,5.1258821906304166e-08,-1.8736253395176675e-09,-4.569806780457685e-07,-5.524848974703268e-07,1.2502121260059575e-05,1.4512913313704446e-07,1.9618909330688875e-08
J-S06-D05,conversion_rate,topology,60,6.50185188167561e-09,1.0431849127389988e-10,2.5443472539355475e-08,3.6605055277937554e-05,1.5858136729759246e-06,4.136783898876847e-08,9.31060403213937e-09
J-S06-D05,conversion_rate,message_condition,60,6.50185188167561e-09,9.049123117091466e-09,2.2070978282310437e-06,1.2877827212340912e-05,1.5858136729759246e-06,4.136783898876847e-08,1.8648590986393695e-08
J-S06-D05,conversion_rate,inoculation,60,6.50185188167561e-09,-1.2161317000662693e-09,-2.966167659924501e-07,-0.00038002413359536667,1.5858136729759246e-06,4.136783898876847e-08,6.849684660344967e-09
J-S06-D05,conversion_rate,seeding_regime,60,6.50185188167561e-09,-1.4354580266233224e-09,-3.5011086180198467e-07,-4.232803986660993e-07,1.5858136729759246e-06,4.136783898876847e-08,6.5589593098906e-09
J-S06-D50,conversion_rate,topology,30,9.09488634855034e-07,-6.78795982401586e-09,-1.655595928119093e-06,-0.0023818753659897596,0.0002218259564838975,1.5227704936670993e-06,1.5311225230564275e-07
J-S06-D50,conversion_rate,message_condition,30,9.09488634855034e-07,9.868666719654491e-07,0.0002406986025347195,0.001404412153392577,0.0002218259564838975,1.5227704936670993e-06,1.1540255168218273e-06
J-S06-D50,conversion_rate,inoculation,30,9.09488634855034e-07,-4.3185191287747763e-08,-1.0532947852472773e-05,-0.01349476779725603,0.0002218259564838975,1.5227704936670993e-06,1.0056918754177437e-07
J-S06-D50,conversion_rate,seeding_regime,30,9.09488634855034e-07,-2.7404885998644922e-08,-6.684102270228531e-06,-8.08101028087348e-06,0.0002218259564838975,1.5227704936670993e-06,1.1506353699786167e-07
J-S06-D95,conversion_rate,topology,30,4.4381084495886264e-06,3.903920893007376e-08,9.521735104110071e-06,0.013698744905543339,0.0010824628412934316,5.486566779150804e-06,3.170253053462775e-07
J-S06-D95,conversion_rate,message_condition,30,4.4381084495886264e-06,4.1911511485756495e-06,0.0010222294998216966,0.005964436511005183,0.0010824628412934316,5.486566779150804e-06,4.476859218173694e-06
J-S06-D95,conversion_rate,inoculation,30,4.4381084495886264e-06,5.5114529934427206e-08,1.3442535563749432e-05,0.0172225191446825,0.0010824628412934316,5.486566779150804e-06,3.013792189332775e-07
J-S06-D95,conversion_rate,seeding_regime,30,4.4381084495886264e-06,1.5280356214850687e-07,3.7269070803883066e-05,4.50579198445573e-05,0.0010824628412934316,5.486566779150804e-06,3.913030366975857e-07
J-S14-D50,conversion_rate,topology,30,7.093947666490027e-06,4.703788699944572e-08,1.1472627446627384e-05,0.01650545778361813,0.0017302269275928743,8.590669597988966e-06,4.4520928594117595e-07
J-S14-D50,conversion_rate,message_condition,30,7.093947666490027e-06,6.686666696841746e-06,0.001630890347466923,0.00951581023202162,0.0017302269275928743,8.590669597988966e-06,7.0925548845218476e-06
J-S14-D50,conversion_rate,inoculation,30,7.093947666490027e-06,2.160813376195491e-07,5.27026370191163e-05,0.06752239343035166,0.0017302269275928743,8.590669597988966e-06,5.525028568986856e-07
J-S14-D50,conversion_rate,seeding_regime,30,7.093947666490027e-06,1.4416174502932557e-07,3.5161315660217235e-05,4.250966574895604e-05,0.0017302269275928743,8.590669597988966e-06,5.004025706272978e-07
J-S14-D95,conversion_rate,topology,30,3.504111433286624e-05,6.309399391986318e-07,0.00015388741555735555,0.2213949901823677,0.008546592453448996,3.757922699409094e-05,1.3046232394549533e-06
J-S14-D95,conversion_rate,message_condition,30,3.504111433286624e-05,3.144478200528479e-05,0.007669440361793807,0.044749139132492954,0.008546592453448996,3.757922699409094e-05,3.211765305553554e-05
J-S14-D95,conversion_rate,inoculation,30,3.504111433286624e-05,1.6774896309961447e-06,0.0004091428167729131,0.5241920292019222,0.008546592453448996,3.757922699409094e-05,2.2681506366895596e-06
J-S14-D95,conversion_rate,seeding_regime,30,3.504111433286624e-05,1.2879027573869811e-06,0.00031412185932499647,0.00037977006814493276,0.008546592453448996,3.757922699409094e-05,1.8888000624111865e-06
J-S18-D05,conversion_rate,topology,60,5.27698032368521e-08,-4.533678624913469e-09,-1.105772583427973e-06,-0.0015908546476350635,1.2870652395065491e-05,1.7189649436449788e-07,2.7427265310544797e-08
J-S18-D05,conversion_rate,message_condition,60,5.27698032368521e-08,7.189946317532576e-08,1.7536411757457076e-05,0.00010232028578361473,1.2870652395065491e-05,1.7189649436449788e-07,1.0384617923448317e-07
J-S18-D05,conversion_rate,inoculation,60,5.27698032368521e-08,-6.853823327771518e-09,-1.6716601582348527e-06,-0.0021417238542586737,1.2870652395065491e-05,1.7189649436449788e-07,2.0446633490753032e-08
J-S18-D05,conversion_rate,seeding_regime,60,5.27698032368521e-08,-7.74215798578717e-09,-1.8883266207283916e-06,-2.2829672884749978e-06,1.2870652395065491e-05,1.7189649436449788e-07,2.017641632871837e-08
J-S18-D50,conversion_rate,topology,30,1.4614273454040715e-05,1.9252147997313553e-07,4.695634425991852e-05,0.06755522755887645,0.003564448265784583,1.6496610889507467e-05,6.930698354032069e-07
J-S18-D50,conversion_rate,message_condition,30,1.4614273454040715e-05,1.3324996850142415e-05,0.0032499913227600702,0.01896283262154079,0.003564448265784583,1.6496610889507467e-05,1.382631562152129e-05
J-S18-D50,conversion_rate,inoculation,30,1.4614273454040715e-05,7.949590734272016e-07,0.00019389198508967586,0.24841358309012546,0.003564448265784583,1.6496610889507467e-05,1.2337677316059706e-06
J-S18-D50,conversion_rate,seeding_regime,30,1.4614273454040715e-05,3.017960504980393e-07,7.360861367493718e-05,8.899205006443955e-05,0.003564448265784583,1.6496610889507467e-05,7.434577009770753e-07
J-S18-D95,conversion_rate,topology,30,7.731656692590065e-05,1.341588830147619e-06,0.00032721599154787,0.47075961977705527,0.018857653359376947,8.058698533552418e-05,2.21275641379786e-06
J-S18-D95,conversion_rate,message_condition,30,7.731656692590065e-05,6.985205391290079e-05,0.017037044859899524,0.09940661311353512,0.018857653359376947,8.058698533552418e-05,7.073687147877241e-05
J-S18-D95,conversion_rate,inoculation,30,7.731656692590065e-05,3.5420177459319396e-06,0.0008639046649544202,1.106830966583512,0.018857653359376947,8.058698533552418e-05,4.311636054336114e-06
J-S18-D95,conversion_rate,seeding_regime,30,7.731656692590065e-05,2.5809064369207403e-06,0.00062948784297524,0.0007610442696882707,0.018857653359376947,8.058698533552418e-05,3.325721388618233e-06
NC-NoOp,conversion_rate,topology,30,0.004100009977511601,2.8498383756511983e-06,0.0006950808391400151,1.0,1.0,0.00410233257944081,3.4861262135740966e-06
NC-NoOp,conversion_rate,message_condition,30,0.004100009977511601,0.0007026902106917251,0.1713874391881859,1.0,1.0,0.00410233257944081,0.00070331126382624
NC-NoOp,conversion_rate,inoculation,30,0.004100009977511601,3.20014333974156e-06,0.0007805208663623319,1.0,1.0,0.00410233257944081,3.723425369571263e-06
NC-NoOp,conversion_rate,seeding_regime,30,0.004100009977511601,0.0033912697851044833,0.8271369591063117,1.0,1.0,0.00410233257944081,0.0033918117640314243
PC-M01,conversion_rate,topology,30,3.886882747617072e-05,7.055620820498499e-08,1.720878939124127e-05,0.02475796831420752,0.009480178753067618,3.9860164349829584e-05,3.334189906582227e-07
PC-M01,conversion_rate,message_condition,30,3.886882747617072e-05,3.545789170637673e-05,0.00864824522400236,0.05046020446402995,0.009480178753067618,3.9860164349829584e-05,3.572617533304415e-05
PC-M01,conversion_rate,inoculation,30,3.886882747617072e-05,1.1783404885038584e-07,2.8739941974946677e-05,0.03682149089606155,0.009480178753067618,3.9860164349829584e-05,3.4287832396315393e-07
PC-M01,conversion_rate,seeding_regime,30,3.886882747617072e-05,3.2225455127386305e-06,0.0007859847976990715,0.0009502474639125019,0.009480178753067618,3.9860164349829584e-05,3.457691702164073e-06
PC-M05,conversion_rate,topology,30,1.3660896672591703e-05,1.1558755730963542e-08,2.819201854230326e-06,0.004055933778462901,0.003331917909351734,1.3925625967263822e-05,8.111695288745167e-08
PC-M05,conversion_rate,message_condition,30,1.3660896672591703e-05,3.001835749653151e-06,0.0007321532791671498,0.004271919124500336,0.003331917909351734,1.3925625967263822e-05,3.0750617407055294e-06
PC-M05,conversion_rate,inoculation,30,1.3660896672591703e-05,-2.8535655808501356e-09,-6.959899113665172e-07,-0.0008916993015320952,0.003331917909351734,1.3925625967263822e-05,5.8121372030952597e-08
PC-M05,conversion_rate,seeding_regime,30,1.3660896672591703e-05,1.0650355732788444e-05,0.0025976414182417216,0.003140521517800835,0.003331917909351734,1.3925625967263822e-05,1.0711325901639893e-05
S-A06,conversion_rate,topology,30,0.00032702643626624845,2.847464560568266e-08,6.945018612604605e-06,0.009991670351893588,0.07976235132596653,0.00032788963262535514,2.6480707723984636e-07
S-A06,conversion_rate,message_condition,30,0.00032702643626624845,7.400725282098145e-06,0.0018050505541915365,0.010531988591121689,0.07976235132596653,0.00032788963262535514,7.63141627775987e-06
S-A06,conversion_rate,inoculation,30,0.00032702643626624845,2.0292560168787573e-07,4.9493928746738406e-05,0.06341141009773137,0.07976235132596653,0.00032788963262535514,4.030780032460268e-07
S-A06,conversion_rate,seeding_regime,30,0.00032702643626624845,0.00031939431073685674,0.07790086182441565,0.09418133353463543,0.07976235132596653,0.00032788963262535514,0.0003195903312671094
S-A18,conversion_rate,topology,30,0.0067737586046934355,6.024955320693377e-06,0.0014694977216494663,2.1141393042391936,1.6521322245182923,0.006777086501356957,6.931696219951859e-06
S-A18,conversion_rate,message_condition,30,0.0067737586046934355,0.00024931370206215746,0.06080807203632031,0.35479888330411513,1.6521322245182923,0.006777086501356957,0.0002502277757082978
S-A18,conversion_rate,inoculation,30,0.0067737586046934355,5.421368712636444e-06,0.0013222818340375866,1.694101837661518,1.6521322245182923,0.006777086501356957,6.160717497198576e-06
S-A18,conversion_rate,seeding_regime,30,0.0067737586046934355,0.006512998578597949,1.5885323729262852,1.9205191539773905,1.6521322245182923,0.006777086501356957,0.006513766311931509
