config,design,replication_start,replications,rows,seed_manifest,release_config_sha256,simulation_output
configs/cs_0.yaml,CS-0,0,30,4320,outputs/replay_inputs/cs_0_seed_manifest.csv,ab4ce9ab7515faa6314a7f79102341630995a089671e40f2211979cfd3aa362f,outputs/cs_0
configs/cs_15.yaml,CS-15,0,30,4320,outputs/replay_inputs/cs_15_seed_manifest.csv,9823fb48a886ec3c3e9aae90a5a33f22c9dc5091b20a0cc71b3fcbde42554565,outputs/cs_15
configs/cs_30.yaml,CS-30,0,30,4320,outputs/replay_inputs/cs_30_seed_manifest.csv,97c61fde68555e9b798a3d37a1b9602200d3d4594ad89ab540feca5b58ab0e72,outputs/cs_30
configs/cs_45.yaml,CS-45,0,30,4320,outputs/replay_inputs/cs_45_seed_manifest.csv,19db480744eea2d84486768bc312ec608fb528bdf2cbc9d8e7549850717c89c5,outputs/cs_45
configs/cs_45_r.yaml,CS-45-R,0,30,4320,outputs/replay_inputs/cs_45_r_seed_manifest.csv,2005f4e8a5c90c8b87d613881490a53efbd13b0528cb415805cce4536d086e79,outputs/cs_45_r
configs/dose_anchor_095_calibrated.yaml,D-A95,0,30,4320,outputs/replay_inputs/dose_anchor_095_calibrated_seed_manifest.csv,aacf9be6b1cf3b9281c6275599f994fa5fdea8d05d541bda15b9e09e980d1aa6,outputs/dose_anchor_095_calibrated
configs/esd_reps30_59.yaml,E-SD,30,30,4320,outputs/replay_inputs/esd_reps30_59_seed_manifest.csv,6a872525e1e1b5055f51eceb910377829f8b441d61c20eed33f4d6e4336132d5,outputs/targeted_extensions/esd_reps30_59
configs/joint_s060_d005.yaml,J-S06-D05,0,30,4320,outputs/replay_inputs/joint_s060_d005_seed_manifest.csv,fe0bdb8753980e6967252d99cd88d76e439ff84f3ac3ef24ce80740ee8a3104d,outputs/joint_s060_d005
configs/joint_s060_d005_reps30_59.yaml,J-S06-D05,30,30,4320,outputs/replay_inputs/joint_s060_d005_reps30_59_seed_manifest.csv,445351aebfd5993c9ea21267b0ee141f5cbe15b8f74681d3156d88568f76bedf,outputs/targeted_extensions/joint_s060_d005_reps30_59
configs/joint_s060_d050.yaml,J-S06-D50,0,30,4320,outputs/replay_inputs/joint_s060_d050_seed_manifest.csv,6f7e0c462ceef1ae92e6ed79122441a33f87dfdaa01d955ffc43474058ce6432,outputs/joint_s060_d050
configs/joint_s060_d095.yaml,J-S06-D95,0,30,4320,outputs/replay_inputs/joint_s060_d095_seed_manifest.csv,7afedd0396ec53ef3cdddc8b4179aba9c5ef9799f7e40a97f8bd2c615e64afc5,outputs/joint_s060_d095
configs/joint_s140_d050.yaml,J-S14-D50,0,30,4320,outputs/replay_inputs/joint_s140_d050_seed_manifest.csv,4b930912c6d125c161345824d50180abfa585cf7dabcaa867c91d9996b24dd60,outputs/joint_s140_d050
configs/joint_s140_d095.yaml,J-S14-D95,0,30,4320,outputs/replay_inputs/joint_s140_d095_seed_manifest.csv,a57c854d2c0c4ec2cc901805ce672b55e6ed97e1eb9d7cf401c307304c1d9899,outputs/joint_s140_d095
configs/joint_s180_d005.yaml,J-S18-D05,0,30,4320,outputs/replay_inputs/joint_s180_d005_seed_manifest.csv,d96c8c46cd2ee9b9f571a2882835b3f5143c4bba93e9658472fabac2603f0245,outputs/joint_s180_d005
configs/joint_s180_d005_reps30_59.yaml,J-S18-D05,30,30,4320,outputs/replay_inputs/joint_s180_d005_reps30_59_seed_manifest.csv,c7c6f495d44a29055e821a7e9fd51b7e7780bf1d1f6ed7a9a1dc04f9ed787857,outputs/targeted_extensions/joint_s180_d005_reps30_59
configs/joint_s180_d050.yaml,J-S18-D50,0,30,4320,outputs/replay_inputs/joint_s180_d050_seed_manifest.csv,51f8662a541e0796f3eef3d408659e4bc3fcc178ab898cbe4e6882af945df6b2,outputs/joint_s180_d050
configs/joint_s180_d095.yaml,J-S18-D95,0,30,4320,outputs/replay_inputs/joint_s180_d095_seed_manifest.csv,6e540b8ea4adf3ef6528da10a5607af4739b8f4340b03873d48d9dab1c5e160a,outputs/joint_s180_d095
configs/mechanism_dose_1_1_1.yaml,C-D1,0,30,4320,outputs/replay_inputs/mechanism_dose_1_1_1_seed_manifest.csv,ce4b4707d357d0eae4c5f09d6e0c2a2574828b5ed9581b31fdc7844fdff8f073,outputs/processed/mechanism_dose_1_1_1
configs/mechanism_dose_1_2_5.yaml,C-D5,0,30,4320,outputs/replay_inputs/mechanism_dose_1_2_5_seed_manifest.csv,ac80e10b4077eb97cd681413386fb7a7cc394aa89b151cdfa96de59c0d9e5f48,outputs/processed/mechanism_dose_1_2_5
configs/mechanism_dose_1_3_10.yaml,C-D10,0,30,4320,outputs/replay_inputs/mechanism_dose_1_3_10_seed_manifest.csv,cd6b55828dd0bde41ed99f569de641e398cef63029ae78dd47f289ac0858f8a2,outputs/processed/mechanism_dose_1_3_10
configs/mechanism_dose_1_5_50.yaml,C-D50,0,30,4320,outputs/replay_inputs/mechanism_dose_1_5_50_seed_manifest.csv,68042c437f17e3abb99c8a2adeced8e5ace8ae2f0a20b5c1938f7bee6b1eb199,outputs/processed/mechanism_dose_1_5_50
configs/mechanism_strength_and_dose_equalized.yaml,E-SD,0,30,4320,outputs/replay_inputs/mechanism_strength_and_dose_equalized_seed_manifest.csv,d098b4125c50f3a24467ee49debb57a3e3ec271835cf1631a29ce5bbad34c18d,outputs/processed/mechanism_strength_and_dose_equalized
configs/mechanism_strength_equalized.yaml,E-S,0,30,4320,outputs/replay_inputs/mechanism_strength_equalized_seed_manifest.csv,36cd6ac128873bb286424d1958e3b683bf0c6e8e23bef7ee00e91c6e61f462ba,outputs/processed/mechanism_strength_equalized
configs/nc_inoculation_noop.yaml,NC-NoOp,0,30,4320,outputs/replay_inputs/nc_inoculation_noop_seed_manifest.csv,02b04488af40d54ba9ac0a14b2453da589b42cfda9f560ac3c4b64ea577be76c,outputs/nc_inoculation_noop
configs/pc_memory_010.yaml,PC-M01,0,30,4320,outputs/replay_inputs/pc_memory_010_seed_manifest.csv,e7e3d05081750764ac82640454d13c0fbaf4fdb9aff1dd4453bb03ac05acb044,outputs/pc_memory_010
configs/pc_memory_050.yaml,PC-M05,0,30,4320,outputs/replay_inputs/pc_memory_050_seed_manifest.csv,2c944a3183a7a4bffbd0c13d60ec95facaf2c57a5613bf2740b14276abe15c14,outputs/pc_memory_050
configs/strength_anchor_060.yaml,S-A06,0,30,4320,outputs/replay_inputs/strength_anchor_060_seed_manifest.csv,cd3e62c1e8083be244b9c9e62ad6fc7c825e8cabeda7910d4d31cb1bf041d66a,outputs/strength_anchor_060
configs/strength_anchor_180.yaml,S-A18,0,30,4320,outputs/replay_inputs/strength_anchor_180_seed_manifest.csv,82a4725e35581eb63bf99cd27d08e7b0c8f5fab7e2c9d128880991000cb210ee,outputs/strength_anchor_180
