design,outcome,model,r2_in,rmse_in,r2_cv,rmse_cv,increment_M3_minus_M2,increment_M4_minus_M3
C-D1,mean_total_shift,M1 regime,0.00013221257045892276,0.001622795935392305,6.198357683306899e-05,0.0016228529255892532,7.160390781124626e-05,-0.0031419568497412786
C-D1,mean_total_shift,M2 spline(exposure),0.5673607979013378,0.0010674697018748585,0.566440745938748,0.001068604141374294,7.160390781124626e-05,-0.0031419568497412786
C-D1,mean_total_shift,M3 spline + regime,0.5675831692520732,0.0010671953333154468,0.5665123498465593,0.0010685158957755617,7.160390781124626e-05,-0.0031419568497412786
C-D1,mean_total_shift,M4 regime-specific splines,0.5666068971318101,0.0010683993632902965,0.563370392996818,0.0010723812531935977,7.160390781124626e-05,-0.0031419568497412786
C-D1,mean_signed_shift,M1 regime,6.425778177598929e-05,0.0010162573204630038,-0.00012584065009768608,0.001016353916541081,1.918908251552498e-05,-0.0027997781529613963
C-D1,mean_signed_shift,M2 spline(exposure),0.38303824410551424,0.0007982644022293164,0.38160607179140693,0.0007991903830276598,1.918908251552498e-05,-0.0027997781529613963
C-D1,mean_signed_shift,M3 spline + regime,0.3832098277121305,0.000798153391612919,0.38162526087392246,0.0007991779832865913,1.918908251552498e-05,-0.0027997781529613963
C-D1,mean_signed_shift,M4 regime-specific splines,0.38446169615907,0.0007973429940053205,0.37882548272096106,0.0008009851351327506,1.918908251552498e-05,-0.0027997781529613963
C-D1,conversion_rate,M1 regime,0.000292379234439033,0.0025042420179420322,-0.0012561527194785427,0.0025061807839196677,-0.0012872980762852482,-0.0023443241455530783
C-D1,conversion_rate,M2 spline(exposure),0.0879876746846292,0.0023918842032244953,0.08415393130421478,0.0023969062043204072,-0.0012872980762852482,-0.0023443241455530783
C-D1,conversion_rate,M3 spline + regime,0.08823974157401016,0.002391553639448601,0.08286663322792953,0.002398590138645822,-0.0012872980762852482,-0.0023443241455530783
C-D1,conversion_rate,M4 regime-specific splines,0.09051017309017328,0.0023885741044069957,0.08052230908237645,0.002401653751977011,-0.0012872980762852482,-0.0023443241455530783
C-D5,mean_total_shift,M1 regime,0.6597522927824385,0.004512014054402597,0.6597353661298632,0.004512126284908287,0.006102583874383782,0.0034654026975727836
C-D5,mean_total_shift,M2 spline(exposure),0.9176193148047728,0.0022201664728127807,0.9176731215299662,0.0022194413064731047,0.006102583874383782,0.0034654026975727836
C-D5,mean_total_shift,M3 spline + regime,0.924307812448315,0.0021281310511602953,0.92377570540435,0.0021355982044835593,0.006102583874383782,0.0034654026975727836
C-D5,mean_total_shift,M4 regime-specific splines,0.9283137287742741,0.002071051200304223,0.9272411081019227,0.002086487937009359,0.006102583874383782,0.0034654026975727836
C-D5,mean_signed_shift,M1 regime,0.6413656157541341,0.0028001745393074736,0.6412940452425648,0.0028004539323821633,0.0038548075422787376,0.0025376518588784425
C-D5,mean_signed_shift,M2 spline(exposure),0.8550031801961178,0.0017804852419230919,0.8548082534712067,0.0017816816391671652,0.0038548075422787376,0.0025376518588784425
C-D5,mean_signed_shift,M3 spline + regime,0.8593832507024125,0.0017533865334036043,0.8586630610134854,0.0017578709144187093,0.0038548075422787376,0.0025376518588784425
C-D5,mean_signed_shift,M4 regime-specific splines,0.8624063960724316,0.001734435934508571,0.8612007128723639,0.0017420184787011353,0.0038548075422787376,0.0025376518588784425
C-D5,conversion_rate,M1 regime,0.44547378986335484,0.004708921775460002,0.44516567848770117,0.004710229802798022,0.005069735333607772,0.002764350549266381
C-D5,conversion_rate,M2 spline(exposure),0.6056914299056078,0.003970804862722048,0.6038509355251911,0.003980061237491888,0.005069735333607772,0.002764350549266381
C-D5,conversion_rate,M3 spline + regime,0.6108889012208301,0.003944548008427471,0.6089206708587989,0.003954511725861661,0.005069735333607772,0.002764350549266381
C-D5,conversion_rate,M4 regime-specific splines,0.6160580566069241,0.003918259689985688,0.6116850214080652,0.003940510675345811,0.005069735333607772,0.002764350549266381
C-D10,mean_total_shift,M1 regime,0.73818047243118,0.007752309868065932,0.7381730475809001,0.007752419789836388,0.0025731577128518257,0.000784686937360668
C-D10,mean_total_shift,M2 spline(exposure),0.9562738773276906,0.003168112467558618,0.9568491004001213,0.0031472050052641677,0.0025731577128518257,0.000784686937360668
C-D10,mean_total_shift,M3 spline + regime,0.9583233087966894,0.003092977225912418,0.9594222581129731,0.0030519263143314896,0.0025731577128518257,0.000784686937360668
C-D10,mean_total_shift,M4 regime-specific splines,0.9596872857197315,0.0030419433811643957,0.9602069450503338,0.0030222733872796027,0.0025731577128518257,0.000784686937360668
C-D10,mean_signed_shift,M1 regime,0.7307050053057724,0.005108693118448523,0.7306853981687698,0.005108879094839938,0.00174123273365423,0.00044069115836542494
C-D10,mean_signed_shift,M2 spline(exposure),0.9130592923578204,0.0029027341336176986,0.9135939580091822,0.0028937947901048087,0.00174123273365423,0.00044069115836542494
C-D10,mean_signed_shift,M3 spline + regime,0.9144294834834729,0.002879769655865143,0.9153351907428364,0.002864488886569604,0.00174123273365423,0.00044069115836542494
C-D10,mean_signed_shift,M4 regime-specific splines,0.9154158238350969,0.002863124520321484,0.9157758819012018,0.0028570241446923303,0.00174123273365423,0.00044069115836542494
C-D10,conversion_rate,M1 regime,0.631845284456175,0.007049851305125754,0.6314738501660401,0.007053406734768192,0.0019158203308602406,0.0001753043574037605
C-D10,conversion_rate,M2 spline(exposure),0.7983363029369257,0.005217694360137908,0.7985194736507945,0.0052153242113831995,0.0019158203308602406,0.0001753043574037605
C-D10,conversion_rate,M3 spline + regime,0.7998017585617225,0.005198701746567341,0.8004352939816547,0.005190469477757938,0.0019158203308602406,0.0001753043574037605
C-D10,conversion_rate,M4 regime-specific splines,0.8009981560342934,0.005183144582311264,0.8006105983390585,0.0051881892353074785,0.0019158203308602406,0.0001753043574037605
C-D50,mean_total_shift,M1 regime,0.8243989909264253,0.024308654487932,0.8243981556942543,0.024308712298949788,0.0013059410773025304,0.00020212029177335555
C-D50,mean_total_shift,M2 spline(exposure),0.979562093998535,0.008293075436923047,0.9795112019819046,0.008303394227024571,0.0013059410773025304,0.00020212029177335555
C-D50,mean_total_shift,M3 spline + regime,0.9808656888388566,0.008024238588403777,0.9808171430592071,0.008034411312942588,0.0013059410773025304,0.00020212029177335555
C-D50,mean_total_shift,M4 regime-specific splines,0.9810583831323609,0.007983731836997052,0.9810192633509804,0.007991971913712205,0.0013059410773025304,0.00020212029177335555
C-D50,mean_signed_shift,M1 regime,0.8219874030106629,0.020066315603080656,0.8219848028996912,0.020066462150172614,0.0007661743195898074,8.886534041951943e-05
C-D50,mean_signed_shift,M2 spline(exposure),0.959427897552863,0.009579790844466259,0.9593449046560567,0.00958958388421877,0.0007661743195898074,8.886534041951943e-05
C-D50,mean_signed_shift,M3 spline + regime,0.960198017985816,0.009488435726295418,0.9601110789756465,0.009498792814014239,0.0007661743195898074,8.886534041951943e-05
C-D50,mean_signed_shift,M4 regime-specific splines,0.9602864126084307,0.009477893627080963,0.960199944316066,0.009488206113585237,0.0007661743195898074,8.886534041951943e-05
C-D50,conversion_rate,M1 regime,0.7403738295301407,0.032903693134237674,0.7403619221676334,0.03290444766470178,0.0006671748331614769,8.411195903545998e-05
C-D50,conversion_rate,M2 spline(exposure),0.9254449422003221,0.01763230006791029,0.9253155896730376,0.017647589400482392,0.0006671748331614769,8.411195903545998e-05
C-D50,conversion_rate,M3 spline + regime,0.9261656934718858,0.017546864103640526,0.9259827645061991,0.017568587366000234,0.0006671748331614769,8.411195903545998e-05
C-D50,conversion_rate,M4 regime-specific splines,0.9262542887276984,0.017536333527769742,0.9260668764652346,0.01755860220277326,0.0006671748331614769,8.411195903545998e-05
E-S,mean_total_shift,M1 regime,0.9795135111650328,0.00784868142083648,0.9795112517478771,0.007849114217219358,-1.5902916344012752e-05,9.025982169452718e-07
E-S,mean_total_shift,M2 spline(exposure),0.9822012780688978,0.007315724543302746,0.9821715417400351,0.007321833184287062,-1.5902916344012752e-05,9.025982169452718e-07
E-S,mean_total_shift,M3 spline + regime,0.9822416099936746,0.007307431122213841,0.9821556388236911,0.007325097979952983,-1.5902916344012752e-05,9.025982169452718e-07
E-S,mean_total_shift,M4 regime-specific splines,0.9822434310028277,0.007307056447479627,0.982156541421908,0.0073249127196368885,-1.5902916344012752e-05,9.025982169452718e-07
E-S,mean_signed_shift,M1 regime,0.9554326913424958,0.009694458267119059,0.9554304200104422,0.009694705298563465,-5.11253800684619e-05,7.338651543120633e-07
E-S,mean_signed_shift,M2 spline(exposure),0.96048638500499,0.009128275165243028,0.9604269979536935,0.009135132267667791,-5.11253800684619e-05,7.338651543120633e-07
E-S,mean_signed_shift,M3 spline + regime,0.960566248942923,0.00911904557762685,0.960375872573625,0.009141031319269423,-5.11253800684619e-05,7.338651543120633e-07
E-S,mean_signed_shift,M4 regime-specific splines,0.9605690287194998,0.009118724160625404,0.9603766064387793,0.009140946669892184,-5.11253800684619e-05,7.338651543120633e-07
E-S,conversion_rate,M1 regime,0.9267481502321239,0.01539334995519769,0.9267256201614568,0.015395717039443044,-7.516631017345787e-05,-5.7357629985599345e-06
E-S,conversion_rate,M2 spline(exposure),0.9330818922161097,0.014712811500056829,0.9329179022738203,0.014730828123808331,-7.516631017345787e-05,-5.7357629985599345e-06
E-S,conversion_rate,M3 spline + regime,0.9331256812658961,0.014707996917824496,0.9328427359636469,0.014739078849649468,-7.516631017345787e-05,-5.7357629985599345e-06
E-S,conversion_rate,M4 regime-specific splines,0.9331291936601863,0.014707610663700944,0.9328370002006483,0.014739708253328236,-7.516631017345787e-05,-5.7357629985599345e-06
E-SD,mean_total_shift,M1 regime,0.0008885943772498628,0.0005376508990818206,0.00022618983555178218,0.0005378290991228356,0.000986837578600852,-0.0034207592982857804
E-SD,mean_total_shift,M2 spline(exposure),0.4685630677932605,0.00039212026204112966,0.46706386262404087,0.0003926729661077772,0.000986837578600852,-0.0034207592982857804
E-SD,mean_total_shift,M3 spline + regime,0.4697222313112236,0.00039169238471447004,0.4680507002026417,0.00039230924148526893,0.000986837578600852,-0.0034207592982857804
E-SD,mean_total_shift,M4 regime-specific splines,0.4695974678211411,0.0003917384605993327,0.46462994090435594,0.00039356861426042146,0.000986837578600852,-0.0034207592982857804
E-SD,mean_signed_shift,M1 regime,8.574008525619181e-05,0.0006525346097052173,-2.2094062789301816e-05,0.0006525697945303152,0.00014653572879519405,-0.0034707410628119773
E-SD,mean_signed_shift,M2 spline(exposure),0.11898036364826092,0.0006125125114524517,0.11769617025717205,0.0006129587546800478,0.00014653572879519405,-0.0034707410628119773
E-SD,mean_signed_shift,M3 spline + regime,0.11920321555802948,0.0006124350397309326,0.11784270598596724,0.0006129078515305145,0.00014653572879519405,-0.0034707410628119773
E-SD,mean_signed_shift,M4 regime-specific splines,0.1196385100657903,0.0006122836866836061,0.11437196492315527,0.0006141123737976695,0.00014653572879519405,-0.0034707410628119773
E-SD,conversion_rate,M1 regime,0.00011481390216294685,0.0023966451600919768,-0.0015898882830822636,0.0023986873077369943,-0.0015496610717797843,0.0006582629228111259
E-SD,conversion_rate,M2 spline(exposure),0.008354707615685908,0.002386749546371831,0.003742256284705925,0.0023922938647843056,-0.0015496610717797843,0.0006582629228111259
E-SD,conversion_rate,M3 spline + regime,0.0084422743304019,0.00238664416371518,0.0021925952129261406,0.002394153726943398,-0.0015496610717797843,0.0006582629228111259
E-SD,conversion_rate,M4 regime-specific splines,0.01056402119398081,0.002384089311655726,0.0028508581357372664,0.0023933638737959843,-0.0015496610717797843,0.0006582629228111259
CS-0,mean_total_shift,M1 regime,0.00443532850519035,0.012880670020960522,0.0044168541954716645,0.012880789531219492,0.0039950761072203855,-0.012704555073086876
CS-0,mean_total_shift,M2 spline(exposure),0.8822629371839489,0.004429557205446312,0.881536347414568,0.004443204227903358,0.0039950761072203855,-0.012704555073086876
CS-0,mean_total_shift,M3 spline + regime,0.8862763934898271,0.004353404562741625,0.8855314235217884,0.00436764022516214,0.0039950761072203855,-0.012704555073086876
CS-0,mean_total_shift,M4 regime-specific splines,0.8725357109097921,0.004608907374469425,0.8728268684487015,0.004603640466670736,0.0039950761072203855,-0.012704555073086876
CS-0,mean_signed_shift,M1 regime,0.0012773737595708212,0.008541493108181173,0.0012436136149582833,0.008541637472391068,0.0012102650410009685,-0.012111202945527144
CS-0,mean_signed_shift,M2 spline(exposure),0.7227109165081075,0.00450067586424158,0.7214532308645917,0.004510871057338699,0.0012102650410009685,-0.012111202945527144
CS-0,mean_signed_shift,M3 spline + regime,0.7239237955181781,0.004490821964547701,0.7226634959055926,0.004501060689411378,0.0012102650410009685,-0.012111202945527144
CS-0,mean_signed_shift,M4 regime-specific splines,0.7112155706667391,0.004593018946681294,0.7105522929600655,0.004598290525593986,0.0012102650410009685,-0.012111202945527144
CS-0,conversion_rate,M1 regime,0.00171117163547585,0.011159651975369642,0.0011677774778104943,0.011162688804254946,0.0011698498410240843,-0.009692718635899933
CS-0,conversion_rate,M2 spline(exposure),0.5530793229780828,0.007466855887322208,0.5512710168463726,0.007481946630949583,0.0011698498410240843,-0.009692718635899933
CS-0,conversion_rate,M3 spline + regime,0.5547262486191091,0.007453085315639892,0.5524408666873967,0.007472187437174976,0.0011698498410240843,-0.009692718635899933
CS-0,conversion_rate,M4 regime-specific splines,0.5440705875610767,0.007541736426355507,0.5427481480514967,0.0075526660442993354,0.0011698498410240843,-0.009692718635899933
CS-15,mean_total_shift,M1 regime,0.21748676263172784,0.012835973499358416,0.21747464952645412,0.012836072847771425,0.32632302196889074,0.020033831532872637
CS-15,mean_total_shift,M2 spline(exposure),0.5502137014057826,0.009731640927234825,0.5502266379322864,0.009731500977956237,0.32632302196889074,0.020033831532872637
CS-15,mean_total_shift,M3 spline + regime,0.8770416141593863,0.005088175024856293,0.8765496599011772,0.005098343711544163,0.32632302196889074,0.020033831532872637
CS-15,mean_total_shift,M4 regime-specific splines,0.8974907680223293,0.004645842206502539,0.8965834914340498,0.00466635635086154,0.32632302196889074,0.020033831532872637
CS-15,mean_signed_shift,M1 regime,0.2570079009079196,0.008618267498614003,0.2569748047273247,0.008618459444505214,0.23181523801698944,0.011484645244351444
CS-15,mean_signed_shift,M2 spline(exposure),0.5419163097487335,0.006767064044306213,0.5418225697466286,0.006767756398304276,0.23181523801698944,0.011484645244351444
CS-15,mean_signed_shift,M3 spline + regime,0.7739697350917469,0.004753474506568058,0.773637807763618,0.00475696348460775,0.23181523801698944,0.011484645244351444
CS-15,mean_signed_shift,M4 regime-specific splines,0.7861240063518349,0.004623904887594622,0.7851224530079695,0.004634718813660224,0.23181523801698944,0.011484645244351444
CS-15,conversion_rate,M1 regime,0.1849156529045931,0.011255084016741234,0.18471235177278622,0.011256487570044795,0.20325341013584008,0.01020749737009663
CS-15,conversion_rate,M2 spline(exposure),0.4114346926578992,0.009564115108102423,0.4107890181133542,0.009569359736771392,0.20325341013584008,0.01020749737009663
CS-15,conversion_rate,M3 spline + regime,0.6156092982680152,0.007729188545816684,0.6140424282491943,0.00774492555163501,0.20325341013584008,0.01020749737009663
CS-15,conversion_rate,M4 regime-specific splines,0.6263719729699897,0.00762021435377554,0.6242499256192909,0.007641823493303716,0.20325341013584008,0.01020749737009663
CS-30,mean_total_shift,M1 regime,0.5418067793152279,0.013243926979291581,0.5417950553492581,0.013244096416931608,0.0889917913383117,0.011367237707116784
CS-30,mean_total_shift,M2 spline(exposure),0.8424241630632632,0.007766713037349687,0.8409372708761702,0.007803270514874227,0.0889917913383117,0.011367237707116784
CS-30,mean_total_shift,M3 spline + regime,0.9303666227507521,0.0051629887362898705,0.9299290622144819,0.005179184864963998,0.0889917913383117,0.011367237707116784
CS-30,mean_total_shift,M4 regime-specific splines,0.9415472152918882,0.004730369338314537,0.9412962999215987,0.004740511296101897,0.0889917913383117,0.011367237707116784
CS-30,mean_signed_shift,M1 regime,0.5622556085992281,0.00913906989992635,0.5622327913936905,0.009139308081526321,0.06475702592073007,0.007157437484189955
CS-30,mean_signed_shift,M2 spline(exposure),0.807744003443843,0.00605663847507771,0.8061022778163573,0.0060824431358427215,0.06475702592073007,0.007157437484189955
CS-30,mean_signed_shift,M3 spline + regime,0.8715310977920893,0.004950974737484207,0.8708593037370874,0.004963902763312812,0.06475702592073007,0.007157437484189955
CS-30,mean_signed_shift,M4 regime-specific splines,0.8784649345784156,0.004815512376409107,0.8780167412212774,0.004824383456129081,0.06475702592073007,0.007157437484189955
CS-30,conversion_rate,M1 regime,0.46401492268319333,0.011834445524154575,0.46388883548818893,0.011835837432584458,0.06151823757775521,0.005812509341981409
CS-30,conversion_rate,M2 spline(exposure),0.7017212916916759,0.008828414035231642,0.7004090301302768,0.008847812795366115,0.06151823757775521,0.005812509341981409
CS-30,conversion_rate,M3 spline + regime,0.7627206644319741,0.007874110850916168,0.761927267708032,0.007887264293342234,0.06151823757775521,0.005812509341981409
CS-30,conversion_rate,M4 regime-specific splines,0.7686150767863371,0.007775692801656572,0.7677397770500134,0.007790386147475582,0.06151823757775521,0.005812509341981409
CS-45,mean_total_shift,M1 regime,0.7160085977423838,0.014046814160749823,0.7160029576448079,0.014046953645622452,0.016126121109504732,0.005928782395631549
CS-45,mean_total_shift,M2 spline(exposure),0.9457067893013927,0.006141832994642842,0.9453214360067832,0.00616359069473751,0.016126121109504732,0.005928782395631549
CS-45,mean_total_shift,M3 spline + regime,0.9615569064045884,0.005168141611281746,0.9614475571162879,0.005175486640681192,0.016126121109504732,0.005928782395631549
CS-45,mean_total_shift,M4 regime-specific splines,0.9676218383631934,0.004742980444937942,0.9673763395119195,0.0047609276868233194,0.016126121109504732,0.005928782395631549
CS-45,mean_signed_shift,M1 regime,0.7087065729443873,0.00998483799553407,0.7086997288826475,0.009984955293831867,0.012303453196190306,0.0036515063856813468
CS-45,mean_signed_shift,M2 spline(exposure),0.9082812252964291,0.0056027959032539446,0.9077766464098398,0.005618186290996284,0.012303453196190306,0.0036515063856813468
CS-45,mean_signed_shift,M3 spline + regime,0.9203478253696934,0.005221250127975581,0.9200800996060301,0.0052300175629809795,0.012303453196190306,0.0036515063856813468
CS-45,mean_signed_shift,M4 regime-specific splines,0.9241501033342728,0.00509510545348727,0.9237316059917114,0.005109142090836102,0.012303453196190306,0.0036515063856813468
CS-45,conversion_rate,M1 regime,0.6399435896272903,0.01272336794233691,0.6399013668949022,0.012724113936014211,0.012387895336468224,0.003954491622886858
CS-45,conversion_rate,M2 spline(exposure),0.842044607524124,0.00842721436555342,0.841648735799357,0.008437768004138538,0.012387895336468224,0.003954491622886858
CS-45,conversion_rate,M3 spline + regime,0.854294407595571,0.008093845747329584,0.8540366311358252,0.00810100223627579,0.012387895336468224,0.003954491622886858
CS-45,conversion_rate,M4 regime-specific splines,0.8583672226140447,0.007979922961536814,0.857991122758712,0.007990511111208258,0.012387895336468224,0.003954491622886858
CS-45-R,mean_total_shift,M1 regime,0.7202345293125401,0.01514450451339218,0.7202323577418231,0.01514456328994281,0.012599443977664992,0.005807410692077131
CS-45-R,mean_total_shift,M2 spline(exposure),0.9499694470688568,0.006404358938847054,0.9497081264074931,0.006421062847957091,0.012599443977664992,0.005807410692077131
CS-45-R,mean_total_shift,M3 spline + regime,0.962456308612626,0.005547872845605302,0.9623075703851581,0.005558851588910385,0.012599443977664992,0.005807410692077131
CS-45-R,mean_total_shift,M4 regime-specific splines,0.968350703536544,0.005093778351156265,0.9681149810772353,0.0051127122716323,0.012599443977664992,0.005807410692077131
CS-45-R,mean_signed_shift,M1 regime,0.7047650936600944,0.010737472837254583,0.7047592509311239,0.010737579084571354,0.009789904176520703,0.003811566069779282
CS-45-R,mean_signed_shift,M2 spline(exposure),0.9092224042876524,0.005953982643432039,0.9089774263254027,0.005962011121088579,0.009789904176520703,0.003811566069779282
CS-45-R,mean_signed_shift,M3 spline + regime,0.9190357967633485,0.005622956832599203,0.9187673305019234,0.005632271596553891,0.009789904176520703,0.003811566069779282
CS-45-R,mean_signed_shift,M4 regime-specific splines,0.9229504791830236,0.005485335522849958,0.9225788965717027,0.005498546531416954,0.009789904176520703,0.003811566069779282
CS-45-R,conversion_rate,M1 regime,0.6470115537140317,0.013348070207241491,0.6469409099393484,0.013349405818789318,0.009882836172284137,0.003477456390724498
CS-45-R,conversion_rate,M2 spline(exposure),0.855764990786946,0.00853244662536794,0.8554338641765435,0.00854223516578842,0.009882836172284137,0.003477456390724498
CS-45-R,conversion_rate,M3 spline + regime,0.8657713993160835,0.008231154779796203,0.8653167003488277,0.008245084498655289,0.009882836172284137,0.003477456390724498
CS-45-R,conversion_rate,M4 regime-specific splines,0.8694615151681666,0.0081172238114668,0.8687941567395522,0.008137946404696474,0.009882836172284137,0.003477456390724498
D-A95,mean_total_shift,M1 regime,0.010223402116711355,0.021613201154967197,0.010212385632828003,0.02161332143504867,0.009070621480587793,-0.0027138135269334507
D-A95,mean_total_shift,M2 spline(exposure),0.8906511902847636,0.007183854619530688,0.8904279643059592,0.00719118348485479,0.009070621480587793,-0.0027138135269334507
D-A95,mean_total_shift,M3 spline + regime,0.8996864430849916,0.006880663511041109,0.899498585786547,0.0068871032102656975,0.009070621480587793,-0.0027138135269334507
D-A95,mean_total_shift,M4 regime-specific splines,0.8973296697853775,0.006961021646718429,0.8967847722596135,0.006979469157861661,0.009070621480587793,-0.0027138135269334507
D-A95,mean_signed_shift,M1 regime,0.004630589263720286,0.01571274810954184,0.004613940955187967,0.015712879512808697,0.004063812303850001,-0.003959604369001446
D-A95,mean_signed_shift,M2 spline(exposure),0.7518847600459796,0.007844887568315018,0.7511572109374604,0.007856380943371167,0.004063812303850001,-0.003959604369001446
D-A95,mean_signed_shift,M3 spline + regime,0.7559425250813429,0.0077804740791828295,0.7552210232413104,0.007791966215670407,0.004063812303850001,-0.003959604369001446
D-A95,mean_signed_shift,M4 regime-specific splines,0.7525265299898048,0.007834735284078622,0.7512614188723089,0.00785473576215852,0.004063812303850001,-0.003959604369001446
D-A95,conversion_rate,M1 regime,0.003852528614967654,0.019481622338637816,0.003518770849831876,0.01948488570996464,0.0032017638764603173,-0.003073454748142579
D-A95,conversion_rate,M2 spline(exposure),0.6570074266966639,0.01143156420486638,0.6560805677207415,0.011446999378143728,0.0032017638764603173,-0.003073454748142579
D-A95,conversion_rate,M3 spline + regime,0.6603255056509484,0.011376135870790489,0.6592823315972018,0.011393591100028909,0.0032017638764603173,-0.003073454748142579
D-A95,conversion_rate,M4 regime-specific splines,0.6577509958356951,0.011419166312227327,0.6562088768490593,0.011444863861231721,0.0032017638764603173,-0.003073454748142579
S-A06,mean_total_shift,M1 regime,0.975980096330934,0.00355743655960906,0.9759787478655997,0.0035575364145589644,0.000246271003974452,7.490691912304115e-07
S-A06,mean_total_shift,M2 spline(exposure),0.9877926704516932,0.0025360736852774184,0.9877798787846879,0.0025374020722942823,0.000246271003974452,7.490691912304115e-07
S-A06,mean_total_shift,M3 spline + regime,0.9880497769610995,0.0025092246126115474,0.9880261497886623,0.002511703922300464,0.000246271003974452,7.490691912304115e-07
S-A06,mean_total_shift,M4 regime-specific splines,0.9880507189160208,0.002509125718095405,0.9880268988578536,0.00251162535653346,0.000246271003974452,7.490691912304115e-07
S-A06,mean_signed_shift,M1 regime,0.9485267957042821,0.0043019092763719935,0.9485225734336451,0.004302085712373955,0.0005397026531264171,1.2082655754808158e-06
S-A06,mean_signed_shift,M2 spline(exposure),0.9721691594352349,0.003163252111401997,0.9721291392798621,0.003165525638922077,0.0005397026531264171,1.2082655754808158e-06
S-A06,mean_signed_shift,M3 spline + regime,0.972741701286511,0.0031305454845941857,0.9726688419329885,0.0031347265472030854,0.0005397026531264171,1.2082655754808158e-06
S-A06,mean_signed_shift,M4 regime-specific splines,0.972743641255434,0.0031304340823919397,0.972670050198564,0.003134657255883126,0.0005397026531264171,1.2082655754808158e-06
S-A06,conversion_rate,M1 regime,0.8953162044793634,0.006079217561193038,0.8952443448643737,0.0060813037259550935,9.233443618439363e-05,-6.448997970465165e-05
S-A06,conversion_rate,M2 spline(exposure),0.9111911756589063,0.0055993293888451775,0.9108652169283902,0.005609595703301737,9.233443618439363e-05,-6.448997970465165e-05
S-A06,conversion_rate,M3 spline + regime,0.9114654483516335,0.005590676359583857,0.9109575513645746,0.00560668946935953,9.233443618439363e-05,-6.448997970465165e-05
S-A06,conversion_rate,M4 regime-specific splines,0.9114732756264499,0.005590429220321861,0.9108930613848699,0.005608719455341495,9.233443618439363e-05,-6.448997970465165e-05
S-A18,mean_total_shift,M1 regime,0.9811285282009908,0.009487976950439677,0.9811273366556482,0.009488276481298123,7.651062801228292e-05,6.767839733079484e-07
S-A18,mean_total_shift,M2 spline(exposure),0.9828034178372443,0.009057155086794088,0.9827581650531845,0.00906906420327323,7.651062801228292e-05,6.767839733079484e-07
S-A18,mean_total_shift,M3 spline + regime,0.9828818828348331,0.009036468354820072,0.9828346756811968,0.009048919848416083,7.651062801228292e-05,6.767839733079484e-07
S-A18,mean_total_shift,M4 regime-specific splines,0.9828827099951217,0.00903625002771092,0.9828353524651701,0.009048741459001992,7.651062801228292e-05,6.767839733079484e-07
S-A18,mean_signed_shift,M1 regime,0.9574778024200794,0.011930086140313103,0.9574719484928271,0.011930907304986124,0.00014447066216960458,2.3270460602908827e-07
S-A18,mean_signed_shift,M2 spline(exposure),0.9606473132881742,0.011476855746397289,0.9605455097000613,0.01149169120655286,0.00014447066216960458,2.3270460602908827e-07
S-A18,mean_signed_shift,M3 spline + regime,0.9607984653917819,0.011454793467833435,0.9606899803622309,0.011470632325602153,0.00014447066216960458,2.3270460602908827e-07
S-A18,mean_signed_shift,M4 regime-specific splines,0.960800013086586,0.011454567345316856,0.9606902130668369,0.011470598374042839,0.00014447066216960458,2.3270460602908827e-07
S-A18,conversion_rate,M1 regime,0.9300481576125436,0.021928393252261383,0.9300329357368275,0.021930778987280304,0.0002497082859876931,-4.46811452525786e-06
S-A18,conversion_rate,M2 spline(exposure),0.9344412447651919,0.02122866002039672,0.9343233498226062,0.021247739298788097,0.0002497082859876931,-4.46811452525786e-06
S-A18,conversion_rate,M3 spline + regime,0.9346916171510987,0.021188084550442614,0.9345730581085939,0.021207307963037565,0.0002497082859876931,-4.46811452525786e-06
S-A18,conversion_rate,M4 regime-specific splines,0.934695422125994,0.02118746731494715,0.9345685899940687,0.02120803209181613,0.0002497082859876931,-4.46811452525786e-06
J-S06-D05,mean_total_shift,M1 regime,0.00013438376404717456,0.00023247614312783943,-0.0005392147293827865,0.00023255443825666788,0.00011795345983489636,-0.006783624632584417
J-S06-D05,mean_total_shift,M2 spline(exposure),0.5936896716075886,0.0001481960083226865,0.5925889637077619,0.00014839660646206722,0.00011795345983489636,-0.006783624632584417
J-S06-D05,mean_total_shift,M3 spline + regime,0.5940198597271089,0.00014813578033536705,0.5927069171675968,0.0001483751230476358,0.00011795345983489636,-0.006783624632584417
J-S06-D05,mean_total_shift,M4 regime-specific splines,0.5949943640944311,0.00014795788284287234,0.5859232925350124,0.00014960564318638043,0.00011795345983489636,-0.006783624632584417
J-S06-D05,mean_signed_shift,M1 regime,6.479767194478292e-06,0.00026628960156367275,-0.0002568516628904671,0.0002663246606937552,-7.424658081345292e-05,-0.005241315062740948
J-S06-D05,mean_signed_shift,M2 spline(exposure),0.1956804008783668,0.00023881958571860963,0.1943377631617076,0.00023901883144255697,-7.424658081345292e-05,-0.005241315062740948
J-S06-D05,mean_signed_shift,M3 spline + regime,0.195714475218018,0.0002388145269671657,0.19426351658089414,0.00023902984469434816,-7.424658081345292e-05,-0.005241315062740948
J-S06-D05,mean_signed_shift,M4 regime-specific splines,0.19685036133343203,0.00023864582944531663,0.1890222015181532,0.00023980602892789327,-7.424658081345292e-05,-0.005241315062740948
J-S06-D05,conversion_rate,M1 regime,0.0004690519049856956,0.0014623676111868227,-0.0012396991539243007,0.0014636170748245354,-0.0007673368429027549,-0.002941466885119537
J-S06-D05,conversion_rate,M2 spline(exposure),0.007033071710734751,0.0014575579445344278,0.0017656025972846434,0.0014614188416635907,-0.0007673368429027549,-0.002941466885119537
J-S06-D05,conversion_rate,M3 spline + regime,0.00759123989365329,0.0014571482245283392,0.0009982657543818885,0.001461980425747624,-0.0007673368429027549,-0.002941466885119537
J-S06-D05,conversion_rate,M4 regime-specific splines,0.009815584909631636,0.0014555143118033926,-0.0019432011307376484,0.00146413117584476,-0.0007673368429027549,-0.002941466885119537
J-S06-D50,mean_total_shift,M1 regime,0.0432235434743683,0.0012499904155278535,0.04282669440942166,0.0012502496224181033,0.04721781694762561,-0.0019575933070449247
J-S06-D50,mean_total_shift,M2 spline(exposure),0.3837754743843267,0.0010031616764659206,0.38266565593001567,0.001004064615630998,0.04721781694762561,-0.0019575933070449247
J-S06-D50,mean_total_shift,M3 spline + regime,0.4312328364956842,0.0009637595636295825,0.4298834728776413,0.0009649021152508487,0.04721781694762561,-0.0019575933070449247
J-S06-D50,mean_total_shift,M4 regime-specific splines,0.43027949649269615,0.0009645669290318631,0.42792587957059636,0.0009665572744656708,0.04721781694762561,-0.0019575933070449247
J-S06-D50,mean_signed_shift,M1 regime,0.0003671523143838895,0.0016890230156088723,0.0001259476932032877,0.0016892267782127274,0.0006440048429259271,-0.0022088592912088423
J-S06-D50,mean_signed_shift,M2 spline(exposure),0.26570323692392606,0.001447608468922421,0.26430132000330353,0.00144898969459906,0.0006440048429259271,-0.0022088592912088423
J-S06-D50,mean_signed_shift,M3 spline + regime,0.26650255568958925,0.001446820357265987,0.26494532484622946,0.0014483553583493308,0.0006440048429259271,-0.0022088592912088423
J-S06-D50,mean_signed_shift,M4 regime-specific splines,0.26532747278791236,0.0014479788163079927,0.2627364655550206,0.0014505298995583572,0.0006440048429259271,-0.0022088592912088423
J-S06-D50,conversion_rate,M1 regime,0.0004580321117642061,0.004409310409150125,-0.0006393077779460743,0.004411730109923362,-8.702399393756277e-05,-0.00040255998436544704
J-S06-D50,conversion_rate,M2 spline(exposure),0.017343489264243006,0.004371908105448179,0.014341127669283527,0.004378581870879713,-8.702399393756277e-05,-0.00040255998436544704
J-S06-D50,conversion_rate,M3 spline + regime,0.017915764908085774,0.004370634872700198,0.014254103675345964,0.004378775159492383,-8.702399393756277e-05,-0.00040255998436544704
J-S06-D50,conversion_rate,M4 regime-specific splines,0.01983438946487248,0.0043663634941947605,0.013851543690980517,0.004379669172715117,-8.702399393756277e-05,-0.00040255998436544704
J-S06-D95,mean_total_shift,M1 regime,0.08066208130650443,0.0023178288924475864,0.08052134129131217,0.0023180063020719825,0.06751596552005179,-0.0027663153311985322
J-S06-D95,mean_total_shift,M2 spline(exposure),0.41216213065865437,0.0018534145403085306,0.4113363150506525,0.0018547159548308555,0.06751596552005179,-0.0027663153311985322
J-S06-D95,mean_total_shift,M3 spline + regime,0.4799946375825149,0.00174320192431752,0.4788522805707043,0.0017451156223498511,0.06751596552005179,-0.0027663153311985322
J-S06-D95,mean_total_shift,M4 regime-specific splines,0.477861286697398,0.0017467740557144654,0.47608596523950575,0.0017497411350168078,0.06751596552005179,-0.0027663153311985322
J-S06-D95,mean_signed_shift,M1 regime,0.0031977934741621583,0.0030634542265698915,0.003057673020979035,0.003063669533833347,0.0009796164242353855,-0.003242484374445076
J-S06-D95,mean_signed_shift,M2 spline(exposure),0.360685683414639,0.0024533760155026085,0.3595309986454107,0.002455590574025016,0.0009796164242353855,-0.003242484374445076
J-S06-D95,mean_signed_shift,M3 spline + regime,0.3619184355762346,0.0024510095238877002,0.3605106150696461,0.0024537119058992895,0.0009796164242353855,-0.003242484374445076
J-S06-D95,mean_signed_shift,M4 regime-specific splines,0.3598561417342496,0.0024549671873659654,0.357268130695201,0.0024599247242462347,0.0009796164242353855,-0.003242484374445076
J-S06-D95,conversion_rate,M1 regime,0.005266891584994271,0.00598556220615444,0.004140809051245031,0.005988949210424352,0.00286020967012679,0.0011720966351506101
J-S06-D95,conversion_rate,M2 spline(exposure),0.04818691755780258,0.005855008056310427,0.04507230968916709,0.005864579872692436,0.00286020967012679,0.0011720966351506101
J-S06-D95,conversion_rate,M3 spline + regime,0.05217382678133886,0.005842732598922374,0.04793251935929388,0.005855790459922475,0.00286020967012679,0.0011720966351506101
J-S06-D95,conversion_rate,M4 regime-specific splines,0.05498210331398712,0.00583407057786528,0.04910461599444449,0.005852184798466527,0.00286020967012679,0.0011720966351506101
J-S14-D50,mean_total_shift,M1 regime,0.06898434351069382,0.003011626762861667,0.06869597822218365,0.00301209312525748,0.06769225200462536,0.0021207154204867518
J-S14-D50,mean_total_shift,M2 spline(exposure),0.15706100562379777,0.002865634044321562,0.15470694371113236,0.0028696326591633567,0.06769225200462536,0.0021207154204867518
J-S14-D50,mean_total_shift,M3 spline + regime,0.22479157978123332,0.0027480959768103976,0.22239919571575772,0.002752333183376867,0.06769225200462536,0.0021207154204867518
J-S14-D50,mean_total_shift,M4 regime-specific splines,0.22724428697523846,0.002743745137416206,0.22451991113624448,0.002748577464171776,0.06769225200462536,0.0021207154204867518
J-S14-D50,mean_signed_shift,M1 regime,0.00430201641529282,0.0042037505800678245,0.004063334610697633,0.0042042543968218585,0.00404141924179513,0.001526473856844679
J-S14-D50,mean_signed_shift,M2 spline(exposure),0.08391250075575307,0.004032195725325735,0.08167284268775199,0.004037121688634981,0.00404141924179513,0.001526473856844679
J-S14-D50,mean_signed_shift,M3 spline + regime,0.08808326242083908,0.004023006367025173,0.08571426192954712,0.0040282285117933265,0.00404141924179513,0.001526473856844679
J-S14-D50,mean_signed_shift,M4 regime-specific splines,0.09067166727952691,0.004017292814161106,0.0872407357863918,0.0040248643806698615,0.00404141924179513,0.001526473856844679
J-S14-D50,conversion_rate,M1 regime,0.0033047892481475882,0.007209311727559124,0.0024040362537628424,0.007212568662347411,0.0027746459718634986,-0.002567833421316057
J-S14-D50,conversion_rate,M2 spline(exposure),0.02163530221906984,0.007142709802942507,0.01889044309962218,0.007152722429208096,0.0027746459718634986,-0.002567833421316057
J-S14-D50,conversion_rate,M3 spline + regime,0.024925474759471933,0.007130689470008996,0.021665089071485677,0.007142601070246691,0.0027746459718634986,-0.002567833421316057
J-S14-D50,conversion_rate,M4 regime-specific splines,0.025413773016515817,0.007128903791491082,0.01909725565016962,0.007151968512011788,0.0027746459718634986,-0.002567833421316057
J-S14-D95,mean_total_shift,M1 regime,0.11893773775634242,0.005685100483079801,0.11883825510977475,0.005685421432519072,0.10960390832740752,-0.0035216637348672863
J-S14-D95,mean_total_shift,M2 spline(exposure),0.1412142849680742,0.005612770065273257,0.1393473315182714,0.0056188676815704655,0.10960390832740752,-0.0035216637348672863
J-S14-D95,mean_total_shift,M3 spline + regime,0.25060104773496616,0.005243139176602362,0.2489512398456789,0.005248907410417727,0.10960390832740752,-0.0035216637348672863
J-S14-D95,mean_total_shift,M4 regime-specific splines,0.2519610874160778,0.005238379284956612,0.24542957611081162,0.005261199068179578,0.10960390832740752,-0.0035216637348672863
J-S14-D95,mean_signed_shift,M1 regime,0.017049822226844147,0.0075831821225509815,0.01696050259556947,0.007583526652548581,0.013915472770841375,-0.0037151715027843313
J-S14-D95,mean_signed_shift,M2 spline(exposure),0.11378637931741542,0.0072003721583493935,0.11201493723206701,0.00720756493577916,0.013915472770841375,-0.0037151715027843313
J-S14-D95,mean_signed_shift,M3 spline + regime,0.12779155312344825,0.007143250458910106,0.1259304100029084,0.007150867632849048,0.013915472770841375,-0.0037151715027843313
J-S14-D95,mean_signed_shift,M4 regime-specific splines,0.12928250105639727,0.007137142532650087,0.12221523850012406,0.007166048649221089,0.013915472770841375,-0.0037151715027843313
J-S14-D95,conversion_rate,M1 regime,0.010739294454625958,0.010505595575279972,0.009060663968190164,0.01051450502566247,0.008322208398335973,-0.001884654953327125
J-S14-D95,conversion_rate,M2 spline(exposure),0.046966566073440075,0.010311441139764193,0.044072998906295124,0.010327082896590812,0.008322208398335973,-0.001884654953327125
J-S14-D95,conversion_rate,M3 spline + regime,0.05635778064478858,0.010260510766323987,0.0523952073046311,0.010282031334098678,0.008322208398335973,-0.001884654953327125
J-S14-D95,conversion_rate,M4 regime-specific splines,0.05676860338926637,0.010258277022436398,0.05051055235130397,0.010292251024797588,0.008322208398335973,-0.001884654953327125
J-S18-D05,mean_total_shift,M1 regime,0.0015009262531284762,0.0006862858442196054,0.0008425747977046649,0.0006865120551622966,0.001189558054795703,-0.0018232494494667684
J-S18-D05,mean_total_shift,M2 spline(exposure),0.4517179226365722,0.0005085495010675834,0.44984376143022475,0.0005094179323822585,0.001189558054795703,-0.0018232494494667684
J-S18-D05,mean_total_shift,M3 spline + regime,0.4532521158441515,0.0005078374955305332,0.45103331948502046,0.0005088668978912085,0.001189558054795703,-0.0018232494494667684
J-S18-D05,mean_total_shift,M4 regime-specific splines,0.45356501604587773,0.0005076921587120332,0.4492100700355537,0.0005097112316612152,0.001189558054795703,-0.0018232494494667684
J-S18-D05,mean_signed_shift,M1 regime,9.122295223318311e-05,0.0008382821450830347,-0.0002132579472535756,0.0008384097674619994,-2.506766604448707e-05,-0.0025459710878736885
J-S18-D05,mean_signed_shift,M2 spline(exposure),0.10537412035805127,0.0007929225233586878,0.10350902919324956,0.0007937486244421157,-2.506766604448707e-05,-0.0025459710878736885
J-S18-D05,mean_signed_shift,M3 spline + regime,0.10550777884408014,0.0007928632892223061,0.10348396152720507,0.0007937597217576481,-2.506766604448707e-05,-0.0025459710878736885
J-S18-D05,mean_signed_shift,M4 regime-specific splines,0.10693841631742462,0.000792228988657915,0.10093799043933138,0.0007948860019878156,-2.506766604448707e-05,-0.0025459710878736885
J-S18-D05,conversion_rate,M1 regime,0.0006704341095775668,0.0026814184436293968,-0.001043736473903989,0.00268371720441113,-0.0008651837374379356,-0.003994517566629052
J-S18-D05,conversion_rate,M2 spline(exposure),0.011334426128290609,0.0026670731665693315,0.007551749449264733,0.0026721704634842685,-0.0008651837374379356,-0.003994517566629052
J-S18-D05,conversion_rate,M3 spline + regime,0.012034664372125636,0.0026661285006054783,0.006686565711826797,0.0026733349648994723,-0.0008651837374379356,-0.003994517566629052
J-S18-D05,conversion_rate,M4 regime-specific splines,0.01339676774704257,0.002664289976995837,0.002692048145197745,0.0026787048556157164,-0.0008651837374379356,-0.003994517566629052
J-S18-D50,mean_total_shift,M1 regime,0.08854019603298036,0.0038940317534864855,0.08811359865091606,0.003894942923356993,0.08576677581533965,0.001451691940582589
J-S18-D50,mean_total_shift,M2 spline(exposure),0.12716232264979144,0.0038106360412738433,0.12433520991061153,0.003816802358669088,0.08576677581533965,0.001451691940582589
J-S18-D50,mean_total_shift,M3 spline + regime,0.21278594243734117,0.003618904717477549,0.21010198572595118,0.0036250686818040585,0.08576677581533965,0.001451691940582589
J-S18-D50,mean_total_shift,M4 regime-specific splines,0.21503040681435093,0.003613742017111479,0.21155367766653377,0.003621736034427181,0.08576677581533965,0.001451691940582589
J-S18-D50,mean_signed_shift,M1 regime,0.008324592377908058,0.005443473726409024,0.008149202661497879,0.005443955077008079,0.007860731094561202,0.0005860790440159747
J-S18-D50,mean_signed_shift,M2 spline(exposure),0.06058512075093725,0.005298099091120453,0.058346552711068145,0.005304407857598088,0.007860731094561202,0.0005860790440159747
J-S18-D50,mean_signed_shift,M3 spline + regime,0.06848643438224788,0.005275771182725611,0.06620728380562935,0.005282221400606769,0.007860731094561202,0.0005860790440159747
J-S18-D50,mean_signed_shift,M4 regime-specific splines,0.07058807448597959,0.005269816340141108,0.06679336284964532,0.005280563492420119,0.007860731094561202,0.0005860790440159747
J-S18-D50,conversion_rate,M1 regime,0.00561703754678633,0.008429361991188539,0.004551663679018825,0.008433876357497185,0.004787887911626321,0.0020794883599437597
J-S18-D50,conversion_rate,M2 spline(exposure),0.018906021420588393,0.008372847331316751,0.015331246111287333,0.008388087376338548,0.004787887911626321,0.0020794883599437597
J-S18-D50,conversion_rate,M3 spline + regime,0.024612733469249637,0.008348460720575806,0.020119134022913654,0.008367669260408241,0.004787887911626321,0.0020794883599437597
J-S18-D50,conversion_rate,M4 regime-specific splines,0.02947392467133103,0.008327630965487522,0.022198622382857414,0.008358785674150892,0.004787887911626321,0.0020794883599437597
J-S18-D95,mean_total_shift,M1 regime,0.1539329223998146,0.007269900217217784,0.1537903858414449,0.007270512569916878,0.14549890823091027,-0.004351333143189362
J-S18-D95,mean_total_shift,M2 spline(exposure),0.10613712463341485,0.0074724239218752495,0.10383160524150592,0.007482054439154854,0.14549890823091027,-0.004351333143189362
J-S18-D95,mean_total_shift,M3 spline + regime,0.25166608444576366,0.006837128877314094,0.2493305134724162,0.006847790000116198,0.14549890823091027,-0.004351333143189362
J-S18-D95,mean_total_shift,M4 regime-specific splines,0.252846282335774,0.006831735329801743,0.24497918032922683,0.006867608282628237,0.14549890823091027,-0.004351333143189362
J-S18-D95,mean_signed_shift,M1 regime,0.02838830144197657,0.00976372339992765,0.02833253270087943,0.009764003605873085,0.02527445347997137,-0.004756346118896304
J-S18-D95,mean_signed_shift,M2 spline(exposure),0.08277947094679383,0.009486499392721013,0.08019462340599948,0.009499857087078015,0.02527445347997137,-0.004756346118896304
J-S18-D95,mean_signed_shift,M3 spline + regime,0.1082206231593571,0.009354009623269582,0.10546907688597085,0.00936842920293048,0.02527445347997137,-0.004756346118896304
J-S18-D95,mean_signed_shift,M4 regime-specific splines,0.10908643502041515,0.009349467704387094,0.10071273076707454,0.009393302807306613,0.02527445347997137,-0.004756346118896304
J-S18-D95,conversion_rate,M1 regime,0.014877199093619509,0.013171877183764008,0.013907972874013241,0.013178355254381215,0.012943847590728308,-0.005456581409270078
J-S18-D95,conversion_rate,M2 spline(exposure),0.04392563620236323,0.012976223696302868,0.04118271564500653,0.012994824372287127,0.012943847590728308,-0.005456581409270078
J-S18-D95,conversion_rate,M3 spline + regime,0.05737742240784249,0.012884613809800346,0.05412656323573484,0.012906812521453884,0.012943847590728308,-0.005456581409270078
J-S18-D95,conversion_rate,M4 regime-specific splines,0.05799990740865568,0.012880358764568991,0.04866998182646476,0.012943987576815735,0.012943847590728308,-0.005456581409270078
NC-NoOp,mean_total_shift,M1 regime,0.8243989909264253,0.024308654487932,0.8243981556942543,0.024308712298949788,0.0013059410773025304,0.00020212029177335555
NC-NoOp,mean_total_shift,M2 spline(exposure),0.979562093998535,0.008293075436923047,0.9795112019819046,0.008303394227024571,0.0013059410773025304,0.00020212029177335555
NC-NoOp,mean_total_shift,M3 spline + regime,0.9808656888388566,0.008024238588403777,0.9808171430592071,0.008034411312942588,0.0013059410773025304,0.00020212029177335555
NC-NoOp,mean_total_shift,M4 regime-specific splines,0.9810583831323609,0.007983731836997052,0.9810192633509804,0.007991971913712205,0.0013059410773025304,0.00020212029177335555
NC-NoOp,mean_signed_shift,M1 regime,0.8219874030106629,0.020066315603080656,0.8219848028996912,0.020066462150172614,0.0007661743195898074,8.886534041951943e-05
NC-NoOp,mean_signed_shift,M2 spline(exposure),0.959427897552863,0.009579790844466259,0.9593449046560567,0.00958958388421877,0.0007661743195898074,8.886534041951943e-05
NC-NoOp,mean_signed_shift,M3 spline + regime,0.960198017985816,0.009488435726295418,0.9601110789756465,0.009498792814014239,0.0007661743195898074,8.886534041951943e-05
NC-NoOp,mean_signed_shift,M4 regime-specific splines,0.9602864126084307,0.009477893627080963,0.960199944316066,0.009488206113585237,0.0007661743195898074,8.886534041951943e-05
NC-NoOp,conversion_rate,M1 regime,0.7403738295301407,0.032903693134237674,0.7403619221676334,0.03290444766470178,0.0006671748331614769,8.411195903545998e-05
NC-NoOp,conversion_rate,M2 spline(exposure),0.9254449422003221,0.01763230006791029,0.9253155896730376,0.017647589400482392,0.0006671748331614769,8.411195903545998e-05
NC-NoOp,conversion_rate,M3 spline + regime,0.9261656934718858,0.017546864103640526,0.9259827645061991,0.017568587366000234,0.0006671748331614769,8.411195903545998e-05
NC-NoOp,conversion_rate,M4 regime-specific splines,0.9262542887276984,0.017536333527769742,0.9260668764652346,0.01755860220277326,0.0006671748331614769,8.411195903545998e-05
PC-M01,mean_total_shift,M1 regime,0.08050774706578967,0.008649041408457911,0.08048838130792857,0.008649132488268102,0.08626381942305794,-0.004402145230917753
PC-M01,mean_total_shift,M2 spline(exposure),0.8013238987060214,0.0040203767579418586,0.7999423211970896,0.004034331227502267,0.08626381942305794,-0.004402145230917753
PC-M01,mean_total_shift,M3 spline + regime,0.8869017695516226,0.0030333452522695735,0.8862061406201476,0.0030426594919671177,0.08626381942305794,-0.004402145230917753
PC-M01,mean_total_shift,M4 regime-specific splines,0.8813503162509375,0.003106899688834872,0.8818039953892298,0.0031009540954014085,0.08626381942305794,-0.004402145230917753
PC-M01,mean_signed_shift,M1 regime,0.07887533137350577,0.005734068837077757,0.0788289096094883,0.005734213324705674,0.08383757874191222,-0.005205205218143383
PC-M01,mean_signed_shift,M2 spline(exposure),0.6559481120852356,0.003504416111379492,0.6538641161159269,0.0035150135872687987,0.08383757874191222,-0.005205205218143383
PC-M01,mean_signed_shift,M3 spline + regime,0.7390239760077655,0.0030521368390938773,0.7377016948578391,0.0030598591651820437,0.08383757874191222,-0.005205205218143383
PC-M01,mean_signed_shift,M4 regime-specific splines,0.7330491298398933,0.0030868772928304418,0.7324964896396957,0.0030900708589233473,0.08383757874191222,-0.005205205218143383
PC-M01,conversion_rate,M1 regime,0.04530411363822895,0.00810357330642145,0.044614683616315154,0.008106498760765598,0.047432037184723885,-0.007813740734086472
PC-M01,conversion_rate,M2 spline(exposure),0.44150335629434634,0.00619803926692552,0.43974722705310465,0.006207776133950058,0.047432037184723885,-0.007813740734086472
PC-M01,conversion_rate,M3 spline + regime,0.48930166689892796,0.005926881711905589,0.48717926423782854,0.005939184657047293,0.047432037184723885,-0.007813740734086472
PC-M01,conversion_rate,M4 regime-specific splines,0.48046805741315746,0.005977920937337033,0.47936552350374206,0.005984260651008902,0.047432037184723885,-0.007813740734086472
PC-M05,mean_total_shift,M1 regime,0.7317926118312037,0.0028254476872652955,0.731785153846709,0.0028254869702967985,0.7399744862309531,0.08046910191386969
PC-M05,mean_total_shift,M2 spline(exposure),0.14825837427316946,0.005035073776948584,0.1432929345088596,0.00504972905662189,0.7399744862309531,0.08046910191386969
PC-M05,mean_total_shift,M3 spline + regime,0.8842219845723025,0.001856371758765687,0.8832674207398127,0.0018640087346879204,0.7399744862309531,0.08046910191386969
PC-M05,mean_total_shift,M4 regime-specific splines,0.963084803923271,0.0010482249487231764,0.9637365226536824,0.0010389308100737821,0.7399744862309531,0.08046910191386969
PC-M05,mean_signed_shift,M1 regime,0.7008589672393818,0.001835565834391102,0.70081540868669,0.001835699469820521,0.7087090967364226,0.06910428083511255
PC-M05,mean_signed_shift,M2 spline(exposure),0.1349247534055804,0.003121468191945513,0.12858020072611742,0.003132893868653587,0.7087090967364226,0.06910428083511255
PC-M05,mean_signed_shift,M3 spline + regime,0.8388948907748346,0.0013470590315256682,0.83728929746254,0.0013537548679092499,0.7087090967364226,0.06910428083511255
PC-M05,mean_signed_shift,M4 regime-specific splines,0.9062209569557135,0.0010277438095101239,0.9063935782976525,0.0010267974774407042,0.7087090967364226,0.06910428083511255
PC-M05,conversion_rate,M1 regime,0.46147446501872014,0.0034139207198210747,0.4610917893900117,0.003415133468492678,0.4665578453856387,0.048550377866160344
PC-M05,conversion_rate,M2 spline(exposure),0.08894634459375539,0.0044404016822208806,0.08642509800045162,0.004446541613033737,0.4665578453856387,0.048550377866160344
PC-M05,conversion_rate,M3 spline + regime,0.5543591913888525,0.0031055802619119914,0.5529829433860903,0.0031103719616492405,0.4665578453856387,0.048550377866160344
PC-M05,conversion_rate,M4 regime-specific splines,0.6029307032158531,0.002931456367230103,0.6015333212522507,0.00293661008547758,0.4665578453856387,0.048550377866160344
