design,outcome,contrast,estimate,bootstrap_median,lo95,hi95
E-S,mean_total_shift,labeled vs mean unlabeled,-0.01091747188844449,-0.010916114958051972,-0.011049879604155223,-0.01077880401526794
E-S,mean_total_shift,high-quality vs low-quality (unlabeled),-5.5831926006832955e-05,-5.7273391697781895e-05,-0.00027425934653440323,0.00016060603978381577
E-S,mean_total_shift,high-quality vs human-equivalent,3.2051455158832454e-06,4.986855441344723e-06,-0.00016960208675459147,0.00019144198186657487
E-S,mean_total_shift,low-quality vs human-equivalent,5.90370715227162e-05,5.983559880599204e-05,-0.00010684155103772228,0.0002307345095871171
E-S,mean_signed_shift,labeled vs mean unlabeled,-0.013933656773732265,-0.013931916200834388,-0.014074688900631892,-0.013801495782803853
E-S,mean_signed_shift,high-quality vs low-quality (unlabeled),-0.0001494856323370139,-0.00015516833319983298,-0.0004036132432309276,7.730129804966248e-05
E-S,mean_signed_shift,high-quality vs human-equivalent,-3.8212872804276043e-05,-4.40686346848268e-05,-0.00021429490927663241,0.00014336849714594
E-S,mean_signed_shift,low-quality vs human-equivalent,0.00011127275953273785,0.0001081515619976714,-5.4727675652304314e-05,0.00028686323100747866
E-S,conversion_rate,labeled vs mean unlabeled,-0.01794953652600769,-0.017943591975312135,-0.01847865726880506,-0.017481204524414325
E-S,conversion_rate,high-quality vs low-quality (unlabeled),-0.00011150948208309142,-0.00011603140492589398,-0.0006884562699055235,0.00046770426204426925
E-S,conversion_rate,high-quality vs human-equivalent,-4.126359819407038e-05,-1.8447328435120675e-05,-0.0006889567235267193,0.0006371287364139975
E-S,conversion_rate,low-quality vs human-equivalent,7.024588388902103e-05,9.672467161286544e-05,-0.0005785578394285893,0.000719549271159935
E-SD,mean_total_shift,labeled vs mean unlabeled,-0.0005696908390098029,-0.0005702118548594293,-0.0005983476156658118,-0.0005437264560846519
E-SD,mean_total_shift,high-quality vs low-quality (unlabeled),3.096089052023569e-05,2.9411877658908677e-05,-9.27723603763714e-06,7.174213865329881e-05
E-SD,mean_total_shift,high-quality vs human-equivalent,1.269305797275272e-05,1.2431152604137907e-05,-3.628764619076558e-05,6.140588369907998e-05
E-SD,mean_total_shift,low-quality vs human-equivalent,-1.8267832547482973e-05,-1.756161140027213e-05,-5.870322980921043e-05,2.5103203103539426e-05
E-SD,mean_signed_shift,labeled vs mean unlabeled,-0.0009442236285590391,-0.000943836551512052,-0.0009754499706723572,-0.0009155608094916752
E-SD,mean_signed_shift,high-quality vs low-quality (unlabeled),4.1291496022533535e-05,4.0464696748858517e-05,-5.047937051090188e-06,9.201619752524286e-05
E-SD,mean_signed_shift,high-quality vs human-equivalent,1.9957354185314025e-05,1.896440893882031e-05,-3.0707895615631357e-05,7.429055761358123e-05
E-SD,mean_signed_shift,low-quality vs human-equivalent,-2.133414183721951e-05,-1.9927468153678246e-05,-7.045106501812926e-05,2.978674879756466e-05
E-SD,conversion_rate,labeled vs mean unlabeled,-0.0006017424816022951,-0.0005976434974606015,-0.000794659427180257,-0.0004185900008445695
E-SD,conversion_rate,high-quality vs low-quality (unlabeled),-3.21071706163396e-05,-2.9320809556900897e-05,-0.0002278498701415771,0.00014905204809746408
E-SD,conversion_rate,high-quality vs human-equivalent,8.661754130378889e-06,9.29632845754545e-06,-0.00022171795000417707,0.00023416672645587102
E-SD,conversion_rate,low-quality vs human-equivalent,4.076892474671849e-05,3.4092588231007196e-05,-0.00014982485938520344,0.00022897953819038012
S-A06,mean_total_shift,labeled vs mean unlabeled,-0.004915326606115291,-0.004915164705690443,-0.004970903857381802,-0.004858967108317224
S-A06,mean_total_shift,high-quality vs low-quality (unlabeled),-3.622723746285125e-05,-3.642855391925749e-05,-0.00014448565871773002,7.226077553642374e-05
S-A06,mean_total_shift,high-quality vs human-equivalent,-7.2676417803493876e-06,-6.749839833855575e-06,-8.332646885728075e-05,7.296074180919093e-05
S-A06,mean_total_shift,low-quality vs human-equivalent,2.8959595682501865e-05,2.9251440700256773e-05,-5.758412100535237e-05,0.000114919813780847
S-A06,mean_signed_shift,labeled vs mean unlabeled,-0.006109688787584838,-0.0061095039573253315,-0.006172096979193628,-0.006047981138563873
S-A06,mean_signed_shift,high-quality vs low-quality (unlabeled),-4.225944578818003e-05,-4.1219764838094225e-05,-0.00014136346426139615,6.19879074042117e-05
S-A06,mean_signed_shift,high-quality vs human-equivalent,-9.749548742606778e-06,-9.5670463558864e-06,-9.156094063418373e-05,7.498987856843688e-05
S-A06,mean_signed_shift,low-quality vs human-equivalent,3.250989704557325e-05,3.004671103564241e-05,-3.906666800325151e-05,0.00011063069872349226
S-A06,conversion_rate,labeled vs mean unlabeled,-0.004758622649529984,-0.004766508186611593,-0.005080331166242107,-0.0044578499918968804
S-A06,conversion_rate,high-quality vs low-quality (unlabeled),-0.00023993980016924835,-0.00023105166259246648,-0.000580541871880798,0.000139860972331774
S-A06,conversion_rate,high-quality vs human-equivalent,4.173910527433683e-05,5.309025879381146e-05,-0.0003960399604066375,0.0004963716492376596
S-A06,conversion_rate,low-quality vs human-equivalent,0.0002816789054435852,0.00027423357662275695,-0.0001682907438171114,0.0007291883041017873
S-A18,mean_total_shift,labeled vs mean unlabeled,-0.013278302346447848,-0.013279637421079588,-0.013449236863029589,-0.013126678241585732
S-A18,mean_total_shift,high-quality vs low-quality (unlabeled),-6.711773282958022e-06,-6.2895283771124966e-06,-0.00026583109075669595,0.00024043494445843448
S-A18,mean_total_shift,high-quality vs human-equivalent,9.46910742755519e-05,9.037227778603552e-05,-7.519205309674676e-05,0.000274455859286565
S-A18,mean_total_shift,low-quality vs human-equivalent,0.00010140284755850992,9.62460168101309e-05,-8.755240071697083e-05,0.0002857709687094985
S-A18,mean_signed_shift,labeled vs mean unlabeled,-0.017265685309958458,-0.017265061646067427,-0.017451979728701925,-0.017097466952157844
S-A18,mean_signed_shift,high-quality vs low-quality (unlabeled),-0.00011794427144889985,-0.00011537477321029929,-0.0004066258348687251,0.00016386668824581777
S-A18,mean_signed_shift,high-quality vs human-equivalent,9.865022242271093e-05,0.00010160669574972928,-9.986543923564196e-05,0.0002861356749445121
S-A18,mean_signed_shift,low-quality vs human-equivalent,0.00021659449387161078,0.00021486119760145972,-2.6461604153114856e-06,0.000445001306148428
S-A18,conversion_rate,labeled vs mean unlabeled,-0.026738132170052463,-0.02672077238562315,-0.027386536153031923,-0.02610378597966109
S-A18,conversion_rate,high-quality vs low-quality (unlabeled),-0.0005273406411948206,-0.0005203699127103584,-0.0012822768017983315,0.00026289100871842704
S-A18,conversion_rate,high-quality vs human-equivalent,-0.00012515487444375584,-0.0001249703009786815,-0.0009948427566481778,0.0007842663053033083
S-A18,conversion_rate,low-quality vs human-equivalent,0.00040218576675106477,0.0003949186871005095,-0.00024896137220125974,0.0010306654874551284
J-S06-D05,mean_total_shift,labeled vs mean unlabeled,-0.00023236272876016035,-0.00023224942094085478,-0.0002434655698786195,-0.00022072646764742672
J-S06-D05,mean_total_shift,high-quality vs low-quality (unlabeled),6.364402193200641e-06,6.2907274378166305e-06,-1.3104231090828999e-05,2.7316600085192973e-05
J-S06-D05,mean_total_shift,high-quality vs human-equivalent,8.514850536323927e-06,8.060400925082793e-06,-9.844612225804247e-06,2.5678428872795025e-05
J-S06-D05,mean_total_shift,low-quality vs human-equivalent,2.150448343123286e-06,1.9321386068598843e-06,-1.3047556016973907e-05,1.8131036313998744e-05
J-S06-D05,mean_signed_shift,labeled vs mean unlabeled,-0.00036696855630090493,-0.00036696955649753764,-0.0003830463880399395,-0.0003513799369198553
J-S06-D05,mean_signed_shift,high-quality vs low-quality (unlabeled),5.915745588309191e-06,5.706573948407643e-06,-1.3397928540393625e-05,2.3710847691513912e-05
J-S06-D05,mean_signed_shift,high-quality vs human-equivalent,7.5327062934741e-06,7.306520442308499e-06,-7.384173270697701e-06,2.304660197647326e-05
J-S06-D05,mean_signed_shift,low-quality vs human-equivalent,1.6169607051649089e-06,1.4625461176756929e-06,-1.4597415823124017e-05,1.930705240198707e-05
J-S06-D05,conversion_rate,labeled vs mean unlabeled,-0.00022619441189893465,-0.00022698516753484193,-0.00030639894519428584,-0.00014174616485161553
J-S06-D05,conversion_rate,high-quality vs low-quality (unlabeled),-2.4179540704227526e-05,-2.2128582882113834e-05,-0.0001747883319218119,0.00011845690327067529
J-S06-D05,conversion_rate,high-quality vs human-equivalent,-5.653258159080219e-05,-5.637176242447267e-05,-0.00018538939439360084,6.268230416707611e-05
J-S06-D05,conversion_rate,low-quality vs human-equivalent,-3.2353040886574664e-05,-3.296473923473464e-05,-0.00012460686755195858,6.811507828248197e-05
J-S06-D50,mean_total_shift,labeled vs mean unlabeled,-0.002449193872581596,-0.0024481090166754878,-0.002478183053147541,-0.0024180106719842
J-S06-D50,mean_total_shift,high-quality vs low-quality (unlabeled),4.241525121200136e-05,4.32870999740112e-05,-1.3732835716598334e-05,0.00010170640536339143
J-S06-D50,mean_total_shift,high-quality vs human-equivalent,2.9949102627388827e-05,3.1697277675548155e-05,-2.339013735569652e-05,8.73166244854312e-05
J-S06-D50,mean_total_shift,low-quality vs human-equivalent,-1.2466148584612535e-05,-1.2075090547738858e-05,-7.103494257145837e-05,4.507078473185563e-05
J-S06-D50,mean_signed_shift,labeled vs mean unlabeled,-0.0034885417602553044,-0.003488437068513672,-0.003525890696487462,-0.003445731741637776
J-S06-D50,mean_signed_shift,high-quality vs low-quality (unlabeled),1.9587973891831492e-05,2.1797353901556113e-05,-3.644439718166409e-05,7.361717258455029e-05
J-S06-D50,mean_signed_shift,high-quality vs human-equivalent,1.4776939646202192e-05,1.4461178097347968e-05,-3.813546821789765e-05,7.269002131234732e-05
J-S06-D50,mean_signed_shift,low-quality vs human-equivalent,-4.8110342456293e-06,-4.486177782281678e-06,-6.45112144123485e-05,5.0401533583253456e-05
J-S06-D50,conversion_rate,labeled vs mean unlabeled,-0.0023558802497782756,-0.0023620883032371524,-0.0027240855702546115,-0.0020349715324837316
J-S06-D50,conversion_rate,high-quality vs low-quality (unlabeled),0.00014788619075279362,0.0001469639611752782,-0.00019956505204089676,0.0005031858844025366
J-S06-D50,conversion_rate,high-quality vs human-equivalent,0.00026265273265191694,0.00026361867695991626,-2.555542154714021e-05,0.000573674588694416
J-S06-D50,conversion_rate,low-quality vs human-equivalent,0.00011476654189912332,0.00010471105704632638,-0.00027949182416738206,0.0005464990958903296
J-S06-D95,mean_total_shift,labeled vs mean unlabeled,-0.004844070191370002,-0.0048432341578483855,-0.004887643090271723,-0.004797285363398253
J-S06-D95,mean_total_shift,high-quality vs low-quality (unlabeled),4.406491522677969e-05,4.4880210052401434e-05,-3.449616444205087e-05,0.00011636676972980908
J-S06-D95,mean_total_shift,high-quality vs human-equivalent,2.2346756544076862e-06,2.032806277323454e-06,-6.889785397306628e-05,7.107275777409566e-05
J-S06-D95,mean_total_shift,low-quality vs human-equivalent,-4.1830239572372e-05,-4.2233931041725514e-05,-0.0001258048011370392,3.786877002220389e-05
J-S06-D95,mean_signed_shift,labeled vs mean unlabeled,-0.006550242344638295,-0.0065491785378732625,-0.006603920585958267,-0.006493319530413446
J-S06-D95,mean_signed_shift,high-quality vs low-quality (unlabeled),4.2179960463829824e-05,4.302186075025999e-05,-5.85560883802988e-05,0.0001447040956693135
J-S06-D95,mean_signed_shift,high-quality vs human-equivalent,-6.587005949680591e-06,-7.024310296312522e-06,-8.630399571335551e-05,6.99008458276761e-05
J-S06-D95,mean_signed_shift,low-quality vs human-equivalent,-4.8766966413510415e-05,-4.980121055339799e-05,-0.0001451713028314803,5.431258703880618e-05
J-S06-D95,conversion_rate,labeled vs mean unlabeled,-0.004737480750738864,-0.004735095152741031,-0.0050878802746995005,-0.004399970298979778
J-S06-D95,conversion_rate,high-quality vs low-quality (unlabeled),2.5583004282465904e-05,1.893144461159388e-05,-0.00042616431943987964,0.00040051382808955186
J-S06-D95,conversion_rate,high-quality vs human-equivalent,-0.000145164843272743,-0.0001592352537339286,-0.0006667502787744754,0.000323228103916158
J-S06-D95,conversion_rate,low-quality vs human-equivalent,-0.00017074784755520891,-0.00016494979669261223,-0.0006382071344257469,0.0002731610301447243
J-S14-D50,mean_total_shift,labeled vs mean unlabeled,-0.0059544137309497785,-0.005956654889740509,-0.006039120031022738,-0.0058723944972726705
J-S14-D50,mean_total_shift,high-quality vs low-quality (unlabeled),9.334130110515843e-05,9.89955558950116e-05,-2.5310527169569543e-05,0.0002051558466824083
J-S14-D50,mean_total_shift,high-quality vs human-equivalent,5.791686594171924e-05,5.939062424955427e-05,-2.700029833021984e-05,0.0001423433369143582
J-S14-D50,mean_total_shift,low-quality vs human-equivalent,-3.542443516343918e-05,-3.807800763009142e-05,-0.00015802557652055542,7.573143751027978e-05
J-S14-D50,mean_signed_shift,labeled vs mean unlabeled,-0.008771784075657554,-0.00877393970046071,-0.00885753671165391,-0.008683648021867833
J-S14-D50,mean_signed_shift,high-quality vs low-quality (unlabeled),0.00012333514893950875,0.0001251630031017456,-7.811838055957545e-06,0.00025085531669100363
J-S14-D50,mean_signed_shift,high-quality vs human-equivalent,6.21428060385773e-05,5.7557671324148796e-05,-4.305286576577359e-05,0.0001986630004675882
J-S14-D50,mean_signed_shift,low-quality vs human-equivalent,-6.119234290093145e-05,-5.9574018402589954e-05,-0.00020130234536912131,8.103574830217703e-05
J-S14-D50,conversion_rate,labeled vs mean unlabeled,-0.00598933263138126,-0.005986959552496453,-0.006457263535770281,-0.005514046550026765
J-S14-D50,conversion_rate,high-quality vs low-quality (unlabeled),0.00041103025335021207,0.0004142636892451798,-9.725894604362726e-05,0.0009410461384369052
J-S14-D50,conversion_rate,high-quality vs human-equivalent,0.00039770075209742337,0.0003948571957357837,-0.00018741018845585015,0.0010132488966061936
J-S14-D50,conversion_rate,low-quality vs human-equivalent,-1.33295012527887e-05,-7.98462380929496e-06,-0.0005236627758446134,0.00048596781863431774
J-S14-D95,mean_total_shift,labeled vs mean unlabeled,-0.011970396232015235,-0.0119688273301066,-0.012064227044831247,-0.011866032389995543
J-S14-D95,mean_total_shift,high-quality vs low-quality (unlabeled),3.591941347703964e-05,3.8204973133906805e-05,-0.0001332721519949221,0.00022035466715596345
J-S14-D95,mean_total_shift,high-quality vs human-equivalent,-4.810666943716457e-06,-3.978284945638233e-07,-0.00017614991079200059,0.0001441713055387955
J-S14-D95,mean_total_shift,low-quality vs human-equivalent,-4.07300804207561e-05,-4.218427789978718e-05,-0.00017762477511989173,0.00010168181357447583
J-S14-D95,mean_signed_shift,labeled vs mean unlabeled,-0.016282862298871346,-0.016281523239110533,-0.016410148037794555,-0.0161618259582084
J-S14-D95,mean_signed_shift,high-quality vs low-quality (unlabeled),8.228031104687283e-06,1.4183731230004576e-05,-0.00021706582111570075,0.00021054005267724644
J-S14-D95,mean_signed_shift,high-quality vs human-equivalent,-3.413483478665463e-05,-2.8155952220176167e-05,-0.00022306988435893664,0.00014711386297681372
J-S14-D95,mean_signed_shift,low-quality vs human-equivalent,-4.2362865891341916e-05,-4.475544012130794e-05,-0.00021359349529905919,0.00015690044317080866
J-S14-D95,conversion_rate,labeled vs mean unlabeled,-0.01292693596691872,-0.012916799164493144,-0.013243097417369438,-0.012590386596715686
J-S14-D95,conversion_rate,high-quality vs low-quality (unlabeled),-0.00019094678664888232,-0.00013825859641889218,-0.0009066108456216535,0.0005764936280144763
J-S14-D95,conversion_rate,high-quality vs human-equivalent,0.00016462747841239356,0.00017264622844025482,-0.0005474294612896416,0.000985064988572009
J-S14-D95,conversion_rate,low-quality vs human-equivalent,0.0003555742650612759,0.00032609556907627416,-0.0003210416324236109,0.0011350960892651954
J-S18-D05,mean_total_shift,labeled vs mean unlabeled,-0.0007187446001553806,-0.0007197367794466517,-0.0007542226492004181,-0.0006830539928200935
J-S18-D05,mean_total_shift,high-quality vs low-quality (unlabeled),3.89943089983049e-05,3.665175861725578e-05,-1.620748489110854e-05,8.910577294034959e-05
J-S18-D05,mean_total_shift,high-quality vs human-equivalent,3.1910134162452426e-05,3.082465281495231e-05,-3.190997391415984e-05,9.020091149686194e-05
J-S18-D05,mean_total_shift,low-quality vs human-equivalent,-7.084174835852476e-06,-6.351654601302343e-06,-6.034615395393607e-05,4.850524734949363e-05
J-S18-D05,mean_signed_shift,labeled vs mean unlabeled,-0.0012101950911590988,-0.0012095619751626855,-0.001252128717288258,-0.001168951541710742
J-S18-D05,mean_signed_shift,high-quality vs low-quality (unlabeled),7.197475380834283e-05,7.161781378990737e-05,1.5024432831497862e-05,0.0001254496904493328
J-S18-D05,mean_signed_shift,high-quality vs human-equivalent,3.975566800030594e-05,3.8225731821723034e-05,-2.078630280321707e-05,9.792639574860463e-05
J-S18-D05,mean_signed_shift,low-quality vs human-equivalent,-3.221908580803689e-05,-3.268611656721712e-05,-9.309515210123154e-05,2.767350625632843e-05
J-S18-D05,conversion_rate,labeled vs mean unlabeled,-0.0006864317931646251,-0.0006826596550145326,-0.0008599228838906581,-0.0005096012044357169
J-S18-D05,conversion_rate,high-quality vs low-quality (unlabeled),-7.72286998513747e-05,-8.346317803891064e-05,-0.00034207702801722725,0.00019377579253526206
J-S18-D05,conversion_rate,high-quality vs human-equivalent,-3.2633572971296505e-05,-3.7020305544970206e-05,-0.000230740585297939,0.00015445229593518246
J-S18-D05,conversion_rate,low-quality vs human-equivalent,4.45951268800782e-05,4.138439784854859e-05,-0.00017583059452753886,0.0002835311643493705
J-S18-D50,mean_total_shift,labeled vs mean unlabeled,-0.007669602248569295,-0.007672922955803577,-0.007769456249148411,-0.007573553377485371
J-S18-D50,mean_total_shift,high-quality vs low-quality (unlabeled),0.00014676519409229094,0.0001452470068041313,-2.359464705506322e-05,0.00030780452000303337
J-S18-D50,mean_total_shift,high-quality vs human-equivalent,5.949716097382318e-05,6.086272384779948e-05,-0.00010419854659625485,0.00021662912891829051
J-S18-D50,mean_total_shift,low-quality vs human-equivalent,-8.726803311846776e-05,-8.289191362661347e-05,-0.00024232667713324356,5.987751901361786e-05
J-S18-D50,mean_signed_shift,labeled vs mean unlabeled,-0.011353084119490826,-0.01135510901145873,-0.011482527192111066,-0.011234815707781655
J-S18-D50,mean_signed_shift,high-quality vs low-quality (unlabeled),0.00016836323278453247,0.00016917881892437522,-3.345983819853983e-05,0.00035556318023463346
J-S18-D50,mean_signed_shift,high-quality vs human-equivalent,5.478869101240014e-05,5.5346920871189587e-05,-0.00011860550141826968,0.00020017567321574037
J-S18-D50,mean_signed_shift,low-quality vs human-equivalent,-0.00011357454177213233,-0.00011566743368955287,-0.00029179287459129915,6.832441049570788e-05
J-S18-D50,conversion_rate,labeled vs mean unlabeled,-0.008461157021868004,-0.008451705596239164,-0.008928647031956253,-0.007993244189460496
J-S18-D50,conversion_rate,high-quality vs low-quality (unlabeled),-5.0859172193606916e-05,-3.676836153508958e-05,-0.0006307354429165083,0.0005275856304823679
J-S18-D50,conversion_rate,high-quality vs human-equivalent,0.00012190998279180965,0.00010871731100043497,-0.0006069321921109321,0.000768538837742631
J-S18-D50,conversion_rate,low-quality vs human-equivalent,0.00017276915498541656,0.00013876912247243883,-0.0005017418651866862,0.0008208925150197389
J-S18-D95,mean_total_shift,labeled vs mean unlabeled,-0.015319593865358513,-0.015316989467898917,-0.015469395407223642,-0.01518869328855822
J-S18-D95,mean_total_shift,high-quality vs low-quality (unlabeled),0.00013584458756392415,0.0001382088878966667,-0.00011223082646289011,0.00039212639211352483
J-S18-D95,mean_total_shift,high-quality vs human-equivalent,-2.7026926212772584e-05,-2.472209562662947e-05,-0.00022753397134234952,0.00020287320198364325
J-S18-D95,mean_total_shift,low-quality vs human-equivalent,-0.00016287151377669673,-0.0001610001694728816,-0.0003630717935610726,2.352567983237192e-05
J-S18-D95,mean_signed_shift,labeled vs mean unlabeled,-0.021017426242385104,-0.021018547917714847,-0.021195764833337856,-0.020866396035131445
J-S18-D95,mean_signed_shift,high-quality vs low-quality (unlabeled),0.00021553250918640576,0.0002154939627505327,-1.2484800339280024e-05,0.00048625750641401855
J-S18-D95,mean_signed_shift,high-quality vs human-equivalent,8.665583194067406e-07,7.99811429846517e-06,-0.0002374633527793501,0.00023095406667302315
J-S18-D95,mean_signed_shift,low-quality vs human-equivalent,-0.00021466595086699902,-0.00021261384367515443,-0.0004630032935993643,5.837567000394045e-06
J-S18-D95,conversion_rate,labeled vs mean unlabeled,-0.019307297236314615,-0.019306153929897048,-0.01994529242133189,-0.018698203758125254
J-S18-D95,conversion_rate,high-quality vs low-quality (unlabeled),0.0005772341095490463,0.0005922463493080246,-0.00031995431988970403,0.0014347225493054618
J-S18-D95,conversion_rate,high-quality vs human-equivalent,0.0006933712657246766,0.0007031488080683282,-0.0001118898815043831,0.001579963727765475
J-S18-D95,conversion_rate,low-quality vs human-equivalent,0.00011613715617563025,0.00010740659714620487,-0.0006390809957176585,0.0009208157168666742
