design,outcome,factor,replications,splits,mean_B_total,mean_B_factor,split_sd_B_factor,split_q025_B_factor,split_q975_B_factor,positive_frequency,sign_stability,factor_ranking_agreement,q_point,rho_point,tau_point
C-D1,mean_total_shift,topology,30,100,2.3917393840097447e-06,2.7811877125394084e-10,3.4747155711938204e-10,-5.562715485341388e-10,7.894138034798072e-10,0.84,0.84,0.62,8.275281861997207e-08,0.00023088335196272183,0.0007116498269384528
C-D1,mean_total_shift,message_condition,30,100,2.3917393840097447e-06,2.390200727012959e-06,3.5351895893345886e-10,2.389547675722766e-06,2.390833708902552e-06,1.0,1.0,0.62,0.0007111920074148036,0.005572439788762864,0.0007116498269384528
C-D1,mean_total_shift,inoculation,30,100,2.3917393840097447e-06,1.063352275555769e-09,3.7502536860092207e-10,1.402588141078225e-10,1.6025543787590606e-09,0.99,0.99,0.62,3.1639503364501594e-07,0.0012394927889514307,0.0007116498269384528
C-D1,mean_total_shift,seeding_regime,30,100,2.3917393840097447e-06,1.9718594997613702e-10,3.3135398947153203e-10,-5.419788709988049e-10,7.384243289082113e-10,0.77,0.77,0.62,5.8671671384176434e-08,6.730257849231508e-08,0.0007116498269384528
C-D10,mean_total_shift,topology,30,100,0.0002285340056288644,1.0591784357314023e-07,2.0206106049081828e-09,1.0162516546788818e-07,1.0942253253073373e-07,1.0,1.0,1.0,3.1515312894229724e-05,0.08792886092000285,0.0679991250897385
C-D10,mean_total_shift,message_condition,30,100,0.0002285340056288644,4.8215573840747244e-05,2.357135402446614e-09,4.8210238655186265e-05,4.8219254000358846e-05,1.0,1.0,1.0,0.014346297514230407,0.11240829235458481,0.0679991250897385
C-D10,mean_total_shift,inoculation,30,100,0.0002285340056288644,5.636944663679805e-08,1.5749508543203487e-09,5.290674911000647e-08,5.888931291428033e-08,1.0,1.0,1.0,1.6772440681409226e-05,0.06570684450454185,0.0679991250897385
C-D10,mean_total_shift,seeding_regime,30,100,0.0002285340056288644,0.00018015614449790718,1.6476373426115523e-09,0.00018015298267630615,0.0001801586620069731,1.0,1.0,1.0,0.053604539821932445,0.06149004560117286,0.0679991250897385
C-D5,mean_total_shift,topology,30,100,5.92318023093664e-05,1.8785983824168532e-08,7.99467152761905e-10,1.7501541633386187e-08,2.0118543616032213e-08,1.0,1.0,1.0,5.5896734513460845e-06,0.015595390759443547,0.017624119979178093
C-D5,mean_total_shift,message_condition,30,100,5.92318023093664e-05,1.7166630873886532e-05,1.029588735189255e-09,1.7164512141182202e-05,1.716814280249443e-05,1.0,1.0,1.0,0.005107843259258667,0.040021750407630806,0.017624119979178093
C-D5,mean_total_shift,inoculation,30,100,5.92318023093664e-05,1.4227470386023637e-08,1.0272652657799734e-09,1.200686274906571e-08,1.5972210856159224e-08,1.0,1.0,1.0,4.233311081331606e-06,0.016584200131870074,0.017624119979178093
C-D5,mean_total_shift,seeding_regime,30,100,5.92318023093664e-05,4.203215798126968e-05,8.557917418017224e-10,4.203034094513677e-05,4.20334942329515e-05,1.0,1.0,1.0,0.012506453735386749,0.014346217933266209,0.017624119979178093
C-D50,mean_total_shift,topology,30,100,0.00336083744205926,1.204585644177782e-06,8.97739914510869e-09,1.185925239206517e-06,1.220781382728204e-06,1.0,1.0,1.0,0.0003584183004815923,1.0,1.0
C-D50,mean_total_shift,message_condition,30,100,0.00336083744205926,0.00042893253540988134,1.09101737617265e-08,0.000428911810170832,0.00042895153114567514,1.0,1.0,1.0,0.12762668317187778,1.0,1.0
C-D50,mean_total_shift,inoculation,30,100,0.00336083744205926,8.578930712903375e-07,8.099915596518823e-09,8.403757128635944e-07,8.718949157605411e-07,1.0,1.0,1.0,0.0002552616977406343,1.0,1.0
C-D50,mean_total_shift,seeding_regime,30,100,0.00336083744205926,0.0029298424279339107,7.764149809748038e-09,0.002929825212212093,0.002929855519909295,1.0,1.0,1.0,0.8717596368299,1.0,1.0
CS-0,mean_total_shift,topology,30,100,0.00016458644666727965,3.217040470492226e-07,2.5508226398581777e-09,3.1677175941039675e-07,3.2624333871429407e-07,1.0,1.0,1.0,9.572139462124874e-05,0.2670661472715867,0.04897185582603896
CS-0,mean_total_shift,message_condition,30,100,0.00016458644666727965,0.00016323231803974,3.281619729661262e-09,0.00016322590567374113,0.00016323767429452516,1.0,1.0,1.0,0.0485689417753344,0.3805547599315536,0.04897185582603896
CS-0,mean_total_shift,inoculation,30,100,0.00016458644666727965,2.2166419265581174e-07,2.3977653289021115e-09,2.17324010678135e-07,2.2593505928904731e-07,1.0,1.0,1.0,6.595504735867056e-05,0.25838207589485673,0.04897185582603896
CS-0,mean_total_shift,seeding_regime,30,100,0.00016458644666727965,8.107603878346302e-07,2.874368608242117e-09,8.04536396012243e-07,8.152336101532726e-07,1.0,1.0,1.0,0.0002412376087246455,0.0002767249119285806,0.04897185582603896
CS-15,mean_total_shift,topology,30,100,0.0002084114247076385,3.000538986971594e-07,2.70278880192205e-09,2.9481055082429854e-07,3.049575153803716e-07,1.0,1.0,1.0,8.927950365647846e-05,0.2490930388780851,0.062011754004960194
CS-15,mean_total_shift,message_condition,30,100,0.0002084114247076385,0.00015941107625418313,2.8700295673292652e-09,0.00015940421984795143,0.0001594155029008778,1.0,1.0,1.0,0.047431950816552555,0.3716460354350419,0.062011754004960194
CS-15,mean_total_shift,inoculation,30,100,0.0002084114247076385,2.0795352270876194e-07,2.4670271702453557e-09,2.031882803719012e-07,2.122624266228972e-07,1.0,1.0,1.0,6.187550760602815e-05,0.2424002823521861,0.062011754004960194
CS-15,mean_total_shift,seeding_regime,30,100,0.0002084114247076385,4.8492341032049466e-05,2.671592260286966e-09,4.8486553643291975e-05,4.849636019073348e-05,1.0,1.0,1.0,0.014428648177145136,0.01655117714512916,0.062011754004960194
CS-30,mean_total_shift,topology,30,100,0.00038072312629170644,2.989705061355614e-07,2.420320080037691e-09,2.940120310221291e-07,3.030950794188769e-07,1.0,1.0,1.0,8.895714573816921e-05,0.24819364864640298,0.1132822199393342
CS-30,mean_total_shift,message_condition,30,100,0.00038072312629170644,0.00016021842218536471,2.9648348034413864e-09,0.00016021141939022348,0.00016022356190427902,1.0,1.0,1.0,0.04767217247115508,0.37352825668088446,0.1132822199393342
CS-30,mean_total_shift,inoculation,30,100,0.00038072312629170644,2.3182492993752657e-07,2.4017275781279196e-09,2.2723950290212988e-07,2.3631978570070377e-07,1.0,1.0,1.0,6.897832279429803e-05,0.27022590308235495,0.1132822199393342
CS-30,mean_total_shift,seeding_regime,30,100,0.00038072312629170644,0.00021997390867026866,2.7976042213395476e-09,0.0002199692272776314,0.00021997902308168292,1.0,1.0,1.0,0.06545211199964665,0.07508045708293998,0.1132822199393342
CS-45,mean_total_shift,topology,30,100,0.0006926849113463485,3.5185557569717796e-07,3.38828382732035e-09,3.444894144461491e-07,3.5694724518768004e-07,1.0,1.0,1.0,0.00010469282783328794,0.29209676987089217,0.20610485430736125
CS-45,mean_total_shift,message_condition,30,100,0.0006926849113463485,0.0001640588612341453,3.700865662217809e-09,0.00016405219553435534,0.00016406451906716808,1.0,1.0,1.0,0.048814875477471105,0.3824817370810381,0.20610485430736125
CS-45,mean_total_shift,inoculation,30,100,0.0006926849113463485,2.6602462994074857e-07,3.056337713484126e-09,2.603333310217658e-07,2.7183910523414247e-07,1.0,1.0,1.0,7.915426869850311e-05,0.3100906614627706,0.20610485430736125
CS-45,mean_total_shift,seeding_regime,30,100,0.0006926849113463485,0.0005280081699065652,2.803989460612604e-09,0.0005280015391764931,0.0005280126312356567,1.0,1.0,1.0,0.15710613173335836,0.18021725840010794,0.20610485430736125
CS-45-R,mean_total_shift,topology,30,100,0.0008177768415060058,2.387219186298148e-07,3.449402719456078e-09,2.3155972881400365e-07,2.4466070483411906e-07,1.0,1.0,1.0,7.103048652169995e-05,0.19817762214222637,0.2433253186458598
CS-45-R,mean_total_shift,message_condition,30,100,0.0008177768415060058,0.00018892504674878648,3.549699622917852e-09,0.00018891648301203734,0.00018893033346179731,1.0,1.0,1.0,0.05621368185931298,0.44045399020210163,0.2433253186458598
CS-45-R,mean_total_shift,inoculation,30,100,0.0008177768415060058,3.066165380438365e-07,3.089844524444087e-09,3.005416646628185e-07,3.114738738720164e-07,1.0,1.0,1.0,9.123218344531586e-05,0.3574064744253751,0.2433253186458598
CS-45-R,mean_total_shift,seeding_regime,30,100,0.0008177768415060058,0.0006283064563005457,3.036907024168717e-09,0.0006282999764116192,0.0006283110965400041,1.0,1.0,1.0,0.1869493741165798,0.21445059649287002,0.2433253186458598
D-A95,mean_total_shift,topology,30,100,0.00046804174015478863,7.807683844369627e-07,5.80871753309518e-09,7.683977914576892e-07,7.897145121245654e-07,1.0,1.0,0.99,0.00023231364143532288,0.6481634479131572,0.13926342711416861
D-A95,mean_total_shift,message_condition,30,100,0.00046804174015478863,0.0004611939085418082,6.0947435411452965e-09,0.0004611811048340201,0.00046120369581127745,1.0,1.0,0.99,0.13722588982441958,1.0752131640028155,0.13926342711416861
D-A95,mean_total_shift,inoculation,30,100,0.00046804174015478863,7.644616333638354e-07,5.138230189436012e-09,7.552112507266024e-07,7.7216564749268e-07,1.0,1.0,0.99,0.00022746165101500198,0.8910919774815595,0.13926342711416861
D-A95,mean_total_shift,seeding_regime,30,100,0.00046804174015478863,5.302601595179634e-06,5.468589049437808e-09,5.291793524018258e-06,5.311603043805506e-06,1.0,1.0,0.99,0.0015777619972986887,0.0018098589687360641,0.13926342711416861
E-S,mean_total_shift,topology,30,100,0.003002711833699607,1.1398577631844707e-06,8.70703067325368e-09,1.1218984317642979e-06,1.1544934812010755e-06,1.0,1.0,1.0,0.0003391588503864247,0.9462654388202569,0.8934415560009289
E-S,mean_total_shift,message_condition,30,100,0.003002711833699607,3.845195226567705e-05,9.563433621047717e-09,3.8431253455494784e-05,3.846797233693281e-05,1.0,1.0,1.0,0.01144118182702603,0.08964568805426,0.8934415560009289
E-S,mean_total_shift,inoculation,30,100,0.003002711833699607,9.229863536833302e-07,6.544057763163683e-09,9.099136575441266e-07,9.340485343387186e-07,1.0,1.0,1.0,0.0002746298711543144,1.0758757525516407,0.8934415560009289
E-S,mean_total_shift,seeding_regime,30,100,0.003002711833699607,0.0029621970373170632,6.885640970530834e-09,0.002962182135134452,0.002962208158218939,1.0,1.0,1.0,0.8813865854523625,1.0110431226862833,0.8934415560009289
E-SD,mean_total_shift,topology,60,100,6.151604633771951e-08,1.3070183192404888e-09,1.6144533630284175e-10,1.0198947553251732e-09,1.5786886837118913e-09,1.0,1.0,1.0,3.8889661930201824e-07,0.0010850356100106312,1.830378511256625e-05
E-SD,mean_total_shift,message_condition,60,100,6.151604633771951e-08,5.831764428795435e-08,1.5104340762581819e-10,5.801073959425928e-08,5.8579179146047034e-08,1.0,1.0,1.0,1.7352116933159918e-05,0.0001359599458507546,1.830378511256625e-05
E-SD,mean_total_shift,inoculation,60,100,6.151604633771951e-08,1.8046699090369872e-09,1.4666114709660054e-10,1.4473620541470548e-09,2.0363242114726857e-09,1.0,1.0,1.0,5.369703058090264e-07,0.0021036070454825144,1.830378511256625e-05
E-SD,mean_total_shift,seeding_regime,60,100,6.151604633771951e-08,8.671382148768587e-11,1.4168685461353698e-10,-2.0162207926382056e-10,3.2075315797795613e-10,0.74,0.74,1.0,2.580125429528492e-08,2.9596752596976828e-08,1.830378511256625e-05
J-S06-D05,mean_total_shift,topology,60,100,1.0545358770636143e-08,2.0110429045232864e-10,2.9961434450240294e-11,1.5135990562983426e-10,2.4889096120503624e-10,1.0,1.0,1.0,5.983755356197995e-08,0.0001669489350336705,3.1377175934384876e-06
J-S06-D05,mean_total_shift,message_condition,60,100,1.0545358770636143e-08,1.001848761473663e-08,3.1555714753031354e-11,9.951977617755584e-09,1.0078231617406046e-08,1.0,1.0,1.0,2.980949774410416e-06,2.3356791074762182e-05,3.1377175934384876e-06
J-S06-D05,mean_total_shift,inoculation,60,100,1.0545358770636143e-08,3.504776447831272e-10,2.754479627505184e-11,2.959305454895509e-10,3.9196184236180205e-10,1.0,1.0,1.0,1.042828315339113e-07,0.0004085330171229635,3.1377175934384876e-06
J-S06-D05,mean_total_shift,seeding_regime,60,100,1.0545358770636143e-08,-2.4710779335944176e-11,2.933547874504622e-11,-8.777993583978062e-11,2.1361021496374777e-11,0.2,0.8,1.0,-7.352566067820088e-09,-8.434166663826326e-09,3.1377175934384876e-06
J-S06-D50,mean_total_shift,topology,30,100,1.2760170993985485e-06,4.189324097237955e-08,4.239587345527594e-10,4.099640366580287e-08,4.2745593879561656e-08,1.0,1.0,1.0,1.2465119689546968e-05,0.03477813402049529,0.00037967236481890193
J-S06-D50,mean_total_shift,message_condition,30,100,1.2760170993985485e-06,1.12600747534502e-06,4.554169897466215e-10,1.1251555021033893e-06,1.1267540813250747e-06,1.0,1.0,1.0,0.0003350377680436368,0.0026251388794021526,0.00037967236481890193
J-S06-D50,mean_total_shift,inoculation,30,100,1.2760170993985485e-06,3.7393251618045676e-08,4.026363658344083e-10,3.6703736311490746e-08,3.810578935157613e-08,1.0,1.0,1.0,1.1126170861490402e-05,0.04358731043462483,0.00037967236481890193
J-S06-D50,mean_total_shift,seeding_regime,30,100,1.2760170993985485e-06,7.072313146310347e-08,3.604488831903812e-10,6.990378049083395e-08,7.129446187917083e-08,1.0,1.0,1.0,2.1043306224227804e-05,2.413888569187544e-05,0.00037967236481890193
J-S06-D95,mean_total_shift,topology,30,100,5.124976724063643e-06,1.1655928715562072e-07,9.778732717580212e-10,1.1444204464861576e-07,1.1835627734976779e-07,1.0,1.0,1.0,3.4681620032238824e-05,0.09676297216308018,0.0015249106249314622
J-S06-D95,mean_total_shift,message_condition,30,100,5.124976724063643e-06,4.406925219962231e-06,9.069742014886455e-10,4.404871172545528e-06,4.408640276600962e-06,1.0,1.0,1.0,0.0013112580706259955,0.010274168677251403,0.0015249106249314622
J-S06-D95,mean_total_shift,inoculation,30,100,5.124976724063643e-06,1.305068777262311e-07,7.906445076705838e-10,1.288601049797428e-07,1.3169229762344442e-07,1.0,1.0,1.0,3.8831654305263454e-05,0.1521248767401031,0.0015249106249314622
J-S06-D95,mean_total_shift,seeding_regime,30,100,5.124976724063643e-06,4.709853392195593e-07,8.94677987567727e-10,4.691704412480018e-07,4.72403557090837e-07,1.0,1.0,1.0,0.00014013927996796418,0.0001607544947568025,0.0015249106249314622
J-S14-D50,mean_total_shift,topology,30,100,7.836817692590232e-06,2.9672446398149516e-07,2.368637470504343e-09,2.925828699455023e-07,3.0053999269900673e-07,1.0,1.0,1.0,8.82888473771839e-05,0.2463290720885449,0.002331805041956578
J-S14-D50,mean_total_shift,message_condition,30,100,7.836817692590232e-06,6.6616295251422415e-06,2.4204404792905008e-09,6.6569157128592675e-06,6.6653003058950065e-06,1.0,1.0,1.0,0.0019821338103935527,0.015530716313642402,0.002331805041956578
J-S14-D50,mean_total_shift,inoculation,30,100,7.836817692590232e-06,2.0335826677646372e-07,2.0203257177710052e-09,1.9904991168852478e-07,2.066366637906952e-07,1.0,1.0,1.0,6.0508212694709085e-05,0.2370438386576513,0.002331805041956578
J-S14-D50,mean_total_shift,seeding_regime,30,100,7.836817692590232e-06,6.751054366900316e-07,2.2949890131896722e-09,6.704709597438887e-07,6.792452805986325e-07,1.0,1.0,1.0,0.0002008741714911327,0.00023042380376957943,0.002331805041956578
J-S14-D95,mean_total_shift,topology,30,100,3.289283954050168e-05,7.630174329874779e-07,5.137305981139827e-09,7.534134133405162e-07,7.715137447167129e-07,1.0,1.0,1.0,0.00022703193657589105,0.6334273006451885,0.009787096254303662
J-S14-D95,mean_total_shift,message_condition,30,100,3.289283954050168e-05,2.6933124172088743e-05,4.5444933842948736e-09,2.6923871167922763e-05,2.6940474655407067e-05,1.0,1.0,1.0,0.008013813413000486,0.06279104975413409,0.009787096254303662
J-S14-D95,mean_total_shift,inoculation,30,100,3.289283954050168e-05,8.019831894273611e-07,4.434568254810636e-09,7.913081527114416e-07,8.094457874485734e-07,1.0,1.0,1.0,0.00023862599820834182,0.9348288455356287,0.009787096254303662
J-S14-D95,mean_total_shift,seeding_regime,30,100,3.289283954050168e-05,4.3947147459980946e-06,4.3374005019520525e-09,4.3858984577881595e-06,4.402831515856749e-06,1.0,1.0,1.0,0.0013076249065189403,0.0014999833110810653,0.009787096254303662
J-S18-D05,mean_total_shift,topology,60,100,1.0166890003192449e-07,2.1555538468383143e-09,2.4902083124768544e-10,1.7157278082876615e-09,2.6068222611526746e-09,1.0,1.0,1.0,6.413740277534989e-07,0.0017894566959658878,3.0251061464499064e-05
J-S18-D05,mean_total_shift,message_condition,60,100,1.0166890003192449e-07,9.593848617890847e-08,2.4727739550561175e-10,9.536587776172144e-08,9.632564156928875e-08,1.0,1.0,1.0,2.854600611689354e-05,0.00022366800897309207,3.0251061464499064e-05
J-S18-D05,mean_total_shift,inoculation,60,100,1.0166890003192449e-07,3.3291651258717844e-09,2.27178461467917e-10,2.787810060592595e-09,3.712913220543795e-09,1.0,1.0,1.0,9.905760642299708e-07,0.003880629459874833,3.0251061464499064e-05
J-S18-D05,mean_total_shift,seeding_regime,60,100,1.0166890003192449e-07,2.4569488030591205e-10,2.3804202227368033e-10,-2.907842392952097e-10,6.212874803194417e-10,0.89,0.89,1.0,7.310525562205392e-08,8.385941781830673e-08,3.0251061464499064e-05
J-S18-D50,mean_total_shift,topology,30,100,1.3476028966981853e-05,5.44624094817838e-07,3.708644777295878e-09,5.384468305098086e-07,5.506231377960924e-07,1.0,1.0,1.0,0.0001620501152486967,0.4521256727989515,0.004009723528527696
J-S18-D50,mean_total_shift,message_condition,30,100,1.3476028966981853e-05,1.105099686695618e-05,4.134334306672466e-09,1.104266687217583e-05,1.1058320609636258e-05,1.0,1.0,1.0,0.003288167624133879,0.025763951098734018,0.004009723528527696
J-S18-D50,mean_total_shift,inoculation,30,100,1.3476028966981853e-05,3.97443685480415e-07,3.258547525225497e-09,3.916298998713644e-07,4.040948861940964e-07,1.0,1.0,1.0,0.00011825733684902426,0.46327881501901974,0.004009723528527696
J-S18-D50,mean_total_shift,seeding_regime,30,100,1.3476028966981853e-05,1.4829643197274182e-06,3.614169242233593e-09,1.4752670599561822e-06,1.489784025489244e-06,1.0,1.0,1.0,0.00044124845229609585,0.0005061583877646234,0.004009723528527696
J-S18-D95,mean_total_shift,topology,30,100,5.6458704288725505e-05,1.3014693972164743e-06,7.395659274614131e-09,1.2847737611536858e-06,1.3124883389658653e-06,1.0,1.0,0.78,0.00038724556592033055,1.0804291114600013,0.016798998839447587
J-S18-D95,mean_total_shift,message_condition,30,100,5.6458704288725505e-05,4.413448633061005e-05,7.617000701867987e-09,4.4118930087428265e-05,4.4146071432463935e-05,1.0,1.0,0.78,0.013131990788452971,0.10289377160078522,0.016798998839447587
J-S18-D95,mean_total_shift,inoculation,30,100,5.6458704288725505e-05,1.306101078651179e-06,6.562891195362585e-09,1.2920473494855894e-06,1.3161829457496899e-06,1.0,1.0,0.78,0.00038862369905368044,1.5224520658346172,0.016798998839447587
J-S18-D95,mean_total_shift,seeding_regime,30,100,5.6458704288725505e-05,9.716647482247802e-06,7.441178470541403e-09,9.700969762927173e-06,9.72992832929239e-06,1.0,1.0,0.78,0.002891138786020604,0.0033164402937190937,0.016798998839447587
NC-NoOp,mean_total_shift,topology,30,100,0.00336083744205926,1.204585644177782e-06,8.97739914510869e-09,1.185925239206517e-06,1.220781382728204e-06,1.0,1.0,1.0,0.0003584183004815923,1.0,1.0
NC-NoOp,mean_total_shift,message_condition,30,100,0.00336083744205926,0.00042893253540988134,1.09101737617265e-08,0.000428911810170832,0.00042895153114567514,1.0,1.0,1.0,0.12762668317187778,1.0,1.0
NC-NoOp,mean_total_shift,inoculation,30,100,0.00336083744205926,8.578930712903375e-07,8.099915596518823e-09,8.403757128635944e-07,8.718949157605411e-07,1.0,1.0,1.0,0.0002552616977406343,1.0,1.0
NC-NoOp,mean_total_shift,seeding_regime,30,100,0.00336083744205926,0.0029298424279339107,7.764149809748038e-09,0.002929825212212093,0.002929855519909295,1.0,1.0,1.0,0.8717596368299,1.0,1.0
PC-M01,mean_total_shift,topology,30,100,8.040258923947425e-05,1.4802203947521254e-07,1.1878518402791781e-09,1.4601436590089156e-07,1.5021813137683622e-07,1.0,1.0,1.0,4.4043201144687364e-05,0.12288212149186656,0.023923379403381614
PC-M01,mean_total_shift,message_condition,30,100,8.040258923947425e-05,7.319609073481057e-05,1.4849177166409236e-09,7.319325796083328e-05,7.319849736152799e-05,1.0,1.0,1.0,0.02177912261354768,0.17064709410505666,0.023923379403381614
PC-M01,mean_total_shift,inoculation,30,100,8.040258923947425e-05,1.0544056120387599e-07,1.1144141799046024e-09,1.029790052525012e-07,1.0728535247419085e-07,1.0,1.0,1.0,3.137329996516291e-05,0.12290641425193613,0.023923379403381614
PC-M01,mean_total_shift,seeding_regime,30,100,8.040258923947425e-05,6.953035903984598e-06,1.3102719949524838e-09,6.950663024758244e-06,6.9552258250849454e-06,1.0,1.0,1.0,0.002068840288724086,0.0023731774233632743,0.023923379403381614
PC-M05,mean_total_shift,topology,30,100,2.9624673891448513e-05,1.5688731576481187e-08,3.0552115602914304e-10,1.4987550808344708e-08,1.6162541154238995e-08,1.0,1.0,1.0,4.668101878461683e-06,0.01302417279527675,0.008814670272566594
PC-M05,mean_total_shift,message_condition,30,100,2.9624673891448513e-05,6.40664364279294e-06,3.119454961567494e-10,6.406010219789829e-06,6.407105859983644e-06,1.0,1.0,1.0,0.001906264064609875,0.014936250141693844,0.008814670272566594
PC-M05,mean_total_shift,inoculation,30,100,2.9624673891448513e-05,8.548553827105414e-09,3.3509981273653137e-10,7.798120108566598e-09,9.067142608163866e-09,1.0,1.0,1.0,2.543578490326365e-06,0.009964591291368898,0.008814670272566594
PC-M05,mean_total_shift,seeding_regime,30,100,2.9624673891448513e-05,2.319379296325199e-05,2.7864401928231727e-10,2.3193226319043624e-05,2.31941931049437e-05,1.0,1.0,1.0,0.006901194527587932,0.007916396029396014,0.008814670272566594
S-A06,mean_total_shift,topology,30,100,0.0005259732864132853,1.687291477693421e-07,1.619203633985181e-09,1.656226969386576e-07,1.7174923652799057e-07,1.0,1.0,1.0,5.0204495361119876e-05,0.1400723548258058,0.15650066255242912
S-A06,mean_total_shift,message_condition,30,100,0.0005259732864132853,7.876047986348158e-06,1.7859456391957511e-09,7.872563868732324e-06,7.879341257101247e-06,1.0,1.0,1.0,0.0023434778153156757,0.018361973821412098,0.15650066255242912
S-A06,mean_total_shift,inoculation,30,100,0.0005259732864132853,2.2238307882883818e-07,1.5155861618046351e-09,2.1960508949911267e-07,2.246192428052244e-07,1.0,1.0,1.0,6.616894826444778e-05,0.2592200429994811,0.15650066255242912
S-A06,mean_total_shift,seeding_regime,30,100,0.0005259732864132853,0.000517706126200339,1.3231667503864121e-09,0.0005177033756634587,0.0005177082152860608,1.0,1.0,1.0,0.15404081129348787,0.17670101342802214,0.15650066255242912
S-A18,mean_total_shift,topology,30,100,0.0047641908732487396,1.834625243646666e-06,9.930132374970378e-09,1.8154327813705424e-06,1.8534787221219374e-06,1.0,1.0,1.0,0.000545883362487937,1.523034291927771,1.4175606393892153
S-A18,mean_total_shift,message_condition,30,100,0.0047641908732487396,5.6342415630722266e-05,1.1779497850476037e-08,5.631821861555888e-05,5.636135179316106e-05,1.0,1.0,1.0,0.01676439774373616,0.13135495906572422,1.4175606393892153
S-A18,mean_total_shift,inoculation,30,100,0.0047641908732487396,1.3292272944682473e-06,1.0893433695311783e-08,1.3070733621061206e-06,1.3462175014444073e-06,1.0,1.0,1.0,0.00039550478634688146,1.5494090568524894,1.4175606393892153
S-A18,mean_total_shift,seeding_regime,30,100,0.0047641908732487396,0.004704684605079901,8.362081326457805e-09,0.004704665763764805,0.004704698858927636,1.0,1.0,1.0,1.399854853496644,1.6057807615263415,1.4175606393892153
C-D1,mean_signed_shift,topology,30,100,7.642727899247743e-07,1.3164687613779822e-09,4.5414119056800587e-10,3.5959058987985924e-10,1.974209795678158e-09,1.0,1.0,0.96,5.834269679683355e-07,0.0011117227231009093,0.00033870713047515026
C-D1,mean_signed_shift,message_condition,30,100,7.642727899247743e-07,7.572839828696081e-07,4.437188801570196e-10,7.563827984171432e-07,7.580552276650209e-07,1.0,1.0,0.96,0.0003356098609997673,0.002686952987815848,0.00033870713047515026
C-D1,mean_signed_shift,inoculation,30,100,7.642727899247743e-07,5.0653277152045e-09,4.1330395233096697e-10,4.161289778697397e-09,5.663417239720582e-09,1.0,1.0,0.96,2.2448301679064544e-06,0.0030974855988415008,0.00033870713047515026
C-D1,mean_signed_shift,seeding_regime,30,100,7.642727899247743e-07,6.070105785838298e-10,3.4365084631883763e-10,-5.1318440813247435e-11,1.1987286677581324e-09,0.97,0.97,0.96,2.690123395082878e-07,3.0784834134570486e-07,0.00033870713047515026
C-D10,mean_signed_shift,topology,30,100,9.561923825374233e-05,7.207934965833464e-08,2.4304973749186727e-09,6.674240265694326e-08,7.626562657801464e-08,1.0,1.0,1.0,3.1943816411012784e-05,0.060869086477699536,0.042376123072931274
C-D10,mean_signed_shift,message_condition,30,100,9.561923825374233e-05,1.9698120564847236e-05,2.345585331280073e-09,1.9692741573382512e-05,1.97021079278894e-05,1.0,1.0,1.0,0.008729728416642511,0.06989177785790618,0.042376123072931274
C-D10,mean_signed_shift,inoculation,30,100,9.561923825374233e-05,1.52047405920998e-07,2.0248694843501052e-09,1.4681905516327563e-07,1.5522517239518725e-07,1.0,1.0,1.0,6.738371591216874e-05,0.09297812040232134,0.042376123072931274
C-D10,mean_signed_shift,seeding_regime,30,100,9.561923825374233e-05,7.569699093331577e-05,1.9794702830757148e-09,7.56921930426878e-05,7.569994267282731e-05,1.0,1.0,1.0,0.03354706712396559,0.03839009388938332,0.042376123072931274
C-D5,mean_signed_shift,topology,30,100,2.111255995563062e-05,1.7371077109544655e-08,1.363904805982452e-09,1.4398026271096133e-08,1.9743362534901322e-08,1.0,1.0,1.0,7.698439298899493e-06,0.014669410861830608,0.009356573587108955
C-D5,mean_signed_shift,message_condition,30,100,2.111255995563062e-05,6.041276126174885e-06,1.251105437544199e-09,6.038935055028909e-06,6.043492620945285e-06,1.0,1.0,1.0,0.002677346790412534,0.021435320572785906,0.009356573587108955
C-D5,mean_signed_shift,inoculation,30,100,2.111255995563062e-05,5.069075717897876e-08,9.683151558899657e-10,4.881031867534669e-08,5.2216371580676355e-08,1.0,1.0,1.0,2.2464911916325662e-05,0.030997775303847067,0.009356573587108955
C-D5,mean_signed_shift,seeding_regime,30,100,2.111255995563062e-05,1.500322199516721e-05,1.2455505695719572e-09,1.5000722375296125e-05,1.500511816345432e-05,1.0,1.0,1.0,0.006649063445481195,0.007608956365849833,0.009356573587108955
C-D50,mean_signed_shift,topology,30,100,0.002256441394819842,1.1841700578953519e-06,1.1080834163379555e-08,1.1630434005319227e-06,1.2034124297230454e-06,1.0,1.0,1.0,0.0005247953971301338,1.0,1.0
C-D50,mean_signed_shift,message_condition,30,100,0.002256441394819842,0.0002818374516798613,1.262934545883293e-08,0.00028181417330761454,0.0002818599857017331,1.0,1.0,1.0,0.12490351060164083,1.0,1.0
C-D50,mean_signed_shift,inoculation,30,100,0.002256441394819842,1.6353030719816736e-06,9.51401745409369e-09,1.6190135826336416e-06,1.6505751720192434e-06,1.0,1.0,1.0,0.0007247265875089297,1.0,1.0
C-D50,mean_signed_shift,seeding_regime,30,100,0.002256441394819842,0.0019717844700101027,9.43844088102067e-09,0.001971766343170645,0.001971800216385005,1.0,1.0,1.0,0.8738469674137198,1.0,1.0
CS-0,mean_signed_shift,topology,30,100,7.027202357268082e-05,2.2207065452825662e-07,4.019898379123497e-09,2.1464312271974384e-07,2.283630508712534e-07,1.0,1.0,1.0,9.841631829573271e-05,0.1875327391092349,0.031142853403596352
CS-0,mean_signed_shift,message_condition,30,100,7.027202357268082e-05,6.940231428961529e-05,4.1208317901511545e-09,6.939272022043122e-05,6.94085404440957e-05,1.0,1.0,1.0,0.0307574193812184,0.24624943873126293,0.031142853403596352
CS-0,mean_signed_shift,inoculation,30,100,7.027202357268082e-05,5.295502029765336e-07,3.707355386373859e-09,5.209985851974351e-07,5.352563110014355e-07,1.0,1.0,1.0,0.00023468378314288714,0.32382389053719585,0.031142853403596352
CS-0,mean_signed_shift,seeding_regime,30,100,7.027202357268082e-05,1.1808842556074816e-07,3.956289426300164e-09,1.1072232127441347e-07,1.249813320154567e-07,1.0,1.0,1.0,5.233392093933667e-05,5.988911433111303e-05,0.031142853403596352
CS-15,mean_signed_shift,topology,30,100,9.703018981394762e-05,1.9558329952200431e-07,4.138838622410997e-09,1.8766551942131618e-07,2.0225027681520412e-07,1.0,1.0,1.0,8.667776613698404e-05,0.16516487494171087,0.043001422521631534
CS-15,mean_signed_shift,message_condition,30,100,9.703018981394762e-05,6.900460936504671e-05,4.191345962452516e-09,6.899577671623861e-05,6.901052282789418e-05,1.0,1.0,1.0,0.030581166221937777,0.24483832419627796,0.043001422521631534
CS-15,mean_signed_shift,inoculation,30,100,9.703018981394762e-05,5.078802363889821e-07,4.4288187692391586e-09,4.98073928899875e-07,5.143673755786765e-07,1.0,1.0,1.0,0.00022508018048017248,0.3105725446803746,0.043001422521631534
CS-15,mean_signed_shift,seeding_regime,30,100,9.703018981394762e-05,2.7322116912989937e-05,3.551602111470201e-09,2.7315100452488387e-05,2.7328417240760896e-05,1.0,1.0,1.0,0.012108498353076607,0.01385654331319992,0.043001422521631534
CS-30,mean_signed_shift,topology,30,100,0.00018797040050690773,2.2013373189962772e-07,4.158497555644204e-09,2.1279887846280637e-07,2.2765476409163375e-07,1.0,1.0,1.0,9.755792124935892e-05,0.1858970596595523,0.08330391426891706
CS-30,mean_signed_shift,message_condition,30,100,0.00018797040050690773,7.284553773249438e-05,4.234205154139937e-09,7.283576728142963e-05,7.28517528140254e-05,1.0,1.0,1.0,0.032283372348924,0.25846649300263863,0.08330391426891706
CS-30,mean_signed_shift,inoculation,30,100,0.00018797040050690773,5.126839946228333e-07,4.351403621850231e-09,5.041865434464243e-07,5.203356250036085e-07,1.0,1.0,1.0,0.00022720908940946234,0.3135100785945193,0.08330391426891706
CS-30,mean_signed_shift,seeding_regime,30,100,0.00018797040050690773,0.00011439204504789089,3.5107264321168805e-09,0.00011438509938459571,0.00011439781954406122,1.0,1.0,1.0,0.05069577490933424,0.05801447713365182,0.08330391426891706
CS-45,mean_signed_shift,topology,30,100,0.0003394800996707966,2.7261708110107233e-07,4.6686619145692124e-09,2.6168376400664904e-07,2.7934612309553334e-07,1.0,1.0,1.0,0.00012081726639429895,0.23021784690756317,0.1504493316113363
CS-45,mean_signed_shift,message_condition,30,100,0.0003394800996707966,7.974202457708318e-05,4.532866823239352e-09,7.973188026373177e-05,7.974962860608262e-05,1.0,1.0,1.0,0.035339727750141686,0.28293622476995006,0.1504493316113363
CS-45,mean_signed_shift,inoculation,30,100,0.0003394800996707966,5.635210814113319e-07,4.460253800175323e-09,5.54807019622929e-07,5.709747149064771e-07,1.0,1.0,1.0,0.00024973885105326405,0.3445973355437121,0.1504493316113363
CS-45,mean_signed_shift,seeding_regime,30,100,0.0003394800996707966,0.000258901936931201,3.364923841822932e-09,0.00025889514660529776,0.0002589078698202402,1.0,1.0,1.0,0.11473904774374703,0.13130336548896465,0.1504493316113363
CS-45-R,mean_signed_shift,topology,30,100,0.00038768121092025746,2.125742014279393e-07,4.744760601288969e-09,2.0310500317917095e-07,2.209498611135001e-07,1.0,1.0,1.0,9.420772102300118e-05,0.17951323799366412,0.1718108929442019
CS-45-R,mean_signed_shift,message_condition,30,100,0.00038768121092025746,9.154705146743757e-05,5.110156855286276e-09,9.153552524041604e-05,9.155478368683712e-05,1.0,1.0,1.0,0.0405714288337397,0.324822165832757,0.1718108929442019
CS-45-R,mean_signed_shift,inoculation,30,100,0.00038768121092025746,6.2758286604299e-07,4.392158540379371e-09,6.175218364825392e-07,6.350904178688622e-07,1.0,1.0,1.0,0.0002781294774523038,0.38377159365479574,0.1718108929442019
CS-45-R,mean_signed_shift,seeding_regime,30,100,0.00038768121092025746,0.00029529400238534895,3.6176410562860183e-09,0.00029528691147117606,0.0002952990255724767,1.0,1.0,1.0,0.13086712691198688,0.14975977693131742,0.1718108929442019
D-A95,mean_signed_shift,topology,30,100,0.00024255110411149693,7.268474637168573e-07,6.986396657727189e-09,7.111355819576959e-07,7.408581802864598e-07,1.0,1.0,1.0,0.0003221211352466303,0.61380327839795,0.1074927559245839
D-A95,mean_signed_shift,message_condition,30,100,0.00024255110411149693,0.00023888045382624749,7.498815352369224e-09,0.00023886572476151092,0.0002388935832730577,1.0,1.0,1.0,0.10586601290627365,0.84758236494982,0.1074927559245839
D-A95,mean_signed_shift,inoculation,30,100,0.00024255110411149693,1.5964852884533438e-06,6.588118339865243e-09,1.5833391704327135e-06,1.60873319949292e-06,1.0,1.0,1.0,0.0007075234890294192,0.9762626364535045,0.1074927559245839
D-A95,mean_signed_shift,seeding_regime,30,100,0.00024255110411149693,1.347317533079277e-06,7.288345998351008e-09,1.333115173591934e-06,1.3598477594660752e-06,1.0,1.0,1.0,0.0005970983940342263,0.0006832985823609685,0.1074927559245839
E-S,mean_signed_shift,topology,30,100,0.0021033122045314556,1.05970649921402e-06,9.246012325890301e-09,1.0423895105929743e-06,1.0770207557667838e-06,1.0,1.0,1.0,0.0004696361720923972,0.8948938475082343,0.932136863541004
E-S,mean_signed_shift,message_condition,30,100,0.0021033122045314556,6.064888842289606e-05,1.0396992860549005e-08,6.062838930386722e-05,6.0667882802491963e-05,1.0,1.0,1.0,0.02687811372461476,0.21519101901257265,0.932136863541004
E-S,mean_signed_shift,inoculation,30,100,0.0021033122045314556,1.5983860011065338e-06,8.728524389589476e-09,1.5810102977309297e-06,1.6138057892522577e-06,1.0,1.0,1.0,0.0007083658386944952,0.9774249363878444,0.932136863541004
E-S,mean_signed_shift,seeding_regime,30,100,0.0021033122045314556,0.002040005223608239,8.240098811534729e-09,0.0020399873133789847,0.002040019079305199,1.0,1.0,1.0,0.9040807478056022,1.0345984840816738,0.932136863541004
E-SD,mean_signed_shift,topology,60,100,1.6282504450660416e-07,1.171483330000778e-09,1.5106324342654068e-10,8.636444371148607e-10,1.4704682862773785e-09,1.0,1.0,1.0,5.191729475847128e-07,0.0009892863969917275,7.216010346220598e-05
E-SD,mean_signed_shift,message_condition,60,100,1.6282504450660416e-07,1.568150746171761e-07,1.6695211027550736e-10,1.5647322418047672e-07,1.57103806178512e-07,1.0,1.0,1.0,6.94966308352522e-05,0.0005564025422543987,7.216010346220598e-05
E-SD,mean_signed_shift,inoculation,60,100,1.6282504450660416e-07,4.9352477795037635e-09,1.4517855248021495e-10,4.6849590543209355e-09,5.161379396460826e-09,1.0,1.0,1.0,2.1871819010383836e-06,0.0030179407499817085,7.216010346220598e-05
E-SD,mean_signed_shift,seeding_regime,60,100,1.6282504450660416e-07,-9.676122007648892e-11,1.4307396815395374e-10,-3.63295487341827e-10,1.3809435593779242e-10,0.25,0.75,1.0,-4.288222166931772e-08,-4.90729192506487e-08,7.216010346220598e-05
J-S06-D05,mean_signed_shift,topology,60,100,2.5204719816006808e-08,2.7480185444115684e-10,2.574757276200068e-11,2.2519947240202752e-10,3.1798127258916325e-10,1.0,1.0,1.0,1.2178550485380432e-07,0.00023206282966617772,1.1170119407430564e-05
J-S06-D05,mean_signed_shift,message_condition,60,100,2.5204719816006808e-08,2.4143028573412184e-08,3.058649197760306e-11,2.407849979485796e-08,2.4204364664078982e-08,1.0,1.0,1.0,1.0699603645296448e-05,8.566295369728296e-05,1.1170119407430564e-05
J-S06-D05,mean_signed_shift,inoculation,60,100,2.5204719816006808e-08,8.031735820872458e-10,2.3799797848491144e-11,7.551282789206315e-10,8.421702118463198e-10,1.0,1.0,1.0,3.559470163643991e-07,0.0004911466234292298,1.1170119407430564e-05
J-S06-D05,mean_signed_shift,seeding_regime,60,100,2.5204719816006808e-08,-1.6284193933779628e-11,2.567378360720972e-11,-7.598429199235446e-11,2.55759562611225e-11,0.27,0.73,1.0,-7.216759084088592e-09,-8.258607460122756e-09,1.1170119407430564e-05
J-S06-D50,mean_signed_shift,topology,30,100,2.39504988310174e-06,3.7294258949719035e-08,6.575789823136872e-10,3.6077018421954484e-08,3.855013397619975e-08,1.0,1.0,1.0,1.6527909404310797e-05,0.03149400603491262,0.0010614279141484039
J-S06-D50,mean_signed_shift,message_condition,30,100,2.39504988310174e-06,2.283037514506131e-06,5.94410558046778e-10,2.2816561135319346e-06,2.283995425858469e-06,1.0,1.0,1.0,0.0010117867540222166,0.008100546967403853,0.0010614279141484039
J-S06-D50,mean_signed_shift,inoculation,30,100,2.39504988310174e-06,7.34722529151222e-08,5.168453530885362e-10,7.246045431035317e-08,7.444175501662848e-08,1.0,1.0,1.0,3.256111729016935e-05,0.04492882950809108,0.0010614279141484039
J-S06-D50,mean_signed_shift,seeding_regime,30,100,2.39504988310174e-06,1.2458567307677715e-09,4.905431033424225e-10,2.386460679815574e-10,2.1539089489421797e-09,0.98,0.98,1.0,5.52133431707072e-07,6.318422473229988e-07,0.0010614279141484039
J-S06-D95,mean_signed_shift,topology,30,100,8.45013080738316e-06,1.1876126956109237e-07,1.221962215742405e-09,1.1635018112167575e-07,1.210692447555614e-07,1.0,1.0,1.0,5.2632109051772854e-05,0.10029072156423972,0.0037448926556578406
J-S06-D95,mean_signed_shift,message_condition,30,100,8.45013080738316e-06,8.054277284085845e-06,1.22260110024925e-09,8.051740690638033e-06,8.056504169674861e-06,1.0,1.0,1.0,0.0035694599924359716,0.028577739530637983,0.0037448926556578406
J-S06-D95,mean_signed_shift,inoculation,30,100,8.45013080738316e-06,2.4716323313193494e-07,1.0254461937212442e-09,2.450841932871027e-07,2.488941960663726e-07,1.0,1.0,1.0,0.00010953673944262527,0.15114215668440012,0.0037448926556578406
J-S06-D95,mean_signed_shift,seeding_regime,30,100,8.45013080738316e-06,2.9929020604284616e-08,1.093580195818855e-09,2.760755773113403e-08,3.1925529406954375e-08,1.0,1.0,1.0,1.326381472747011e-05,1.517864708820395e-05,0.0037448926556578406
J-S14-D50,mean_signed_shift,topology,30,100,1.5189421976650255e-05,2.0079224781728034e-07,3.3070182124772398e-09,1.951825429479241e-07,2.07288533877392e-07,1.0,1.0,1.0,8.89862454563381e-05,0.16956369271331878,0.006731582753055727
J-S14-D50,mean_signed_shift,message_condition,30,100,1.5189421976650255e-05,1.4444539692662016e-05,3.35206782679202e-09,1.4437096965785843e-05,1.4450979513523118e-05,1.0,1.0,1.0,0.006401469023668258,0.051251313856859396,0.006731582753055727
J-S14-D50,mean_signed_shift,inoculation,30,100,1.5189421976650255e-05,4.639138693980661e-07,2.789698880423532e-09,4.576033514002837e-07,4.689055824487048e-07,1.0,1.0,1.0,0.0002055953549084335,0.28368678402584513,0.006731582753055727
J-S14-D50,mean_signed_shift,seeding_regime,30,100,1.5189421976650255e-05,8.017616677289441e-08,3.263209291739478e-09,7.376281679210804e-08,8.583004100025215e-08,1.0,1.0,1.0,3.553212902269763e-05,4.066172951067193e-05,0.006731582753055727
J-S14-D95,mean_signed_shift,topology,30,100,5.316758033451101e-05,7.37253946742781e-07,6.3656659383190765e-09,7.256619007820885e-07,7.4827539184424e-07,1.0,1.0,1.0,0.0003267330356708177,0.6225912754905462,0.023562579757918332
J-S14-D95,mean_signed_shift,message_condition,30,100,5.316758033451101e-05,4.980234401737784e-05,5.963108742743876e-09,4.978894964025524e-05,4.9811774704532324e-05,1.0,1.0,1.0,0.022071188789440793,0.1767059122928355,0.023562579757918332
J-S14-D95,mean_signed_shift,inoculation,30,100,5.316758033451101e-05,1.5957905387433036e-06,6.2458581415949926e-09,1.580535160893652e-06,1.6059731727297725e-06,1.0,1.0,1.0,0.0007072155928387027,0.9758377918348259,0.023562579757918332
J-S14-D95,mean_signed_shift,seeding_regime,30,100,5.316758033451101e-05,1.0321918316470914e-06,6.115651207487954e-09,1.0182343240267762e-06,1.0425096745101992e-06,1.0,1.0,1.0,0.00045744233996802,0.0005234810636488089,0.023562579757918332
J-S18-D05,mean_signed_shift,topology,60,100,2.7681375485909196e-07,1.7954354699623757e-09,2.578535766977351e-10,1.1952900381328733e-09,2.2401679783308445e-09,1.0,1.0,1.0,7.956933754557921e-07,0.0015161973214839071,0.00012267713023461583
J-S18-D05,mean_signed_shift,message_condition,60,100,2.7681375485909196e-07,2.6631973595199426e-07,2.9350708984329706e-10,2.658452887515124e-07,2.669390191528454e-07,1.0,1.0,1.0,0.00011802643603480678,0.000944940902511801,0.00012267713023461583
J-S18-D05,mean_signed_shift,inoculation,60,100,2.7681375485909196e-07,8.819465158142226e-09,2.403695048114723e-10,8.359780428733246e-09,9.212013057741253e-09,1.0,1.0,1.0,3.908572665963871e-06,0.00539316858706486,0.00012267713023461583
J-S18-D05,mean_signed_shift,seeding_regime,60,100,2.7681375485909196e-07,-1.208817210069289e-10,2.2840007259425185e-10,-6.193221439598091e-10,2.2864451175679636e-10,0.32,0.68,1.0,-5.357184161061729e-08,-6.1305747583208e-08,0.00012267713023461583
J-S18-D50,mean_signed_shift,topology,30,100,2.5657288325397098e-05,3.5096710398881827e-07,5.253561258640935e-09,3.402963928480989e-07,3.6170288130979996e-07,1.0,1.0,1.0,0.0001555400928180721,0.2963823495187835,0.011370686774448942
J-S18-D50,mean_signed_shift,message_condition,30,100,2.5657288325397098e-05,2.4199539433851906e-05,5.520669338121314e-09,2.418800838587462e-05,2.4209337015618647e-05,1.0,1.0,1.0,0.010724647885563205,0.08586346239512598,0.011370686774448942
J-S18-D50,mean_signed_shift,inoculation,30,100,2.5657288325397098e-05,8.448982321093936e-07,4.847229421987498e-09,8.351019883963871e-07,8.533412250248794e-07,1.0,1.0,1.0,0.0003744383674439955,0.5166615574723644,0.011370686774448942
J-S18-D50,mean_signed_shift,seeding_regime,30,100,2.5657288325397098e-05,2.6188355544698457e-07,5.205515355071196e-09,2.514280531917449e-07,2.706917279780834e-07,1.0,1.0,1.0,0.00011606042862367085,0.00013281550769372007,0.011370686774448942
J-S18-D95,mean_signed_shift,topology,30,100,8.969951320944102e-05,1.1770809247871396e-06,1.0219391218934941e-08,1.1523527399480672e-06,1.1917949402654953e-06,1.0,1.0,1.0,0.0005216536655857264,0.9940134163493275,0.03975264476860157
J-S18-D95,mean_signed_shift,message_condition,30,100,8.969951320944102e-05,8.299867881680812e-05,1.0267762041736177e-08,8.297570199596964e-05,8.30142285415844e-05,1.0,1.0,1.0,0.036782997780199334,0.29449130455198047,0.03975264476860157
J-S18-D95,mean_signed_shift,inoculation,30,100,8.969951320944102e-05,2.6514511667453234e-06,8.961892732386076e-09,2.6324480248823493e-06,2.6681722097006284e-06,1.0,1.0,1.0,0.0011750587331150338,1.621382123090048,0.03975264476860157
J-S18-D95,mean_signed_shift,seeding_regime,30,100,8.969951320944102e-05,2.8723023011004193e-06,9.815173503871412e-09,2.8503784046644256e-06,2.889617438885996e-06,1.0,1.0,1.0,0.001272934589701475,0.0014567019594619805,0.03975264476860157
NC-NoOp,mean_signed_shift,topology,30,100,0.002256441394819842,1.1841700578953519e-06,1.1080834163379555e-08,1.1630434005319227e-06,1.2034124297230454e-06,1.0,1.0,1.0,0.0005247953971301338,1.0,1.0
NC-NoOp,mean_signed_shift,message_condition,30,100,0.002256441394819842,0.0002818374516798613,1.262934545883293e-08,0.00028181417330761454,0.0002818599857017331,1.0,1.0,1.0,0.12490351060164083,1.0,1.0
NC-NoOp,mean_signed_shift,inoculation,30,100,0.002256441394819842,1.6353030719816736e-06,9.51401745409369e-09,1.6190135826336416e-06,1.6505751720192434e-06,1.0,1.0,1.0,0.0007247265875089297,1.0,1.0
NC-NoOp,mean_signed_shift,seeding_regime,30,100,0.002256441394819842,0.0019717844700101027,9.43844088102067e-09,0.001971766343170645,0.001971800216385005,1.0,1.0,1.0,0.8738469674137198,1.0,1.0
PC-M01,mean_signed_shift,topology,30,100,3.44225834854442e-05,1.0293767063582123e-07,1.95954255294983e-09,9.938041935545038e-08,1.0602333261486577e-07,1.0,1.0,1.0,4.56194744840869e-05,0.08692811471586634,0.015255252613459771
PC-M01,mean_signed_shift,message_condition,30,100,3.44225834854442e-05,3.10829323018737e-05,1.8729900996399583e-09,3.107864016456798e-05,3.108557985671901e-05,1.0,1.0,1.0,0.01377520035451903,0.11028673484168722,0.015255252613459771
PC-M01,mean_signed_shift,inoculation,30,100,3.44225834854442e-05,2.4520677352214854e-07,1.6117608884479524e-09,2.4147813903572625e-07,2.480797985521894e-07,1.0,1.0,1.0,0.00010866968408090486,0.14994576707117965,0.015255252613459771
PC-M01,mean_signed_shift,seeding_regime,30,100,3.44225834854442e-05,2.991506739412533e-06,1.865289493424436e-09,2.9875246597054014e-06,2.99460900690755e-06,1.0,1.0,1.0,0.001325763100375749,0.0015171570650402808,0.015255252613459771
PC-M05,mean_signed_shift,topology,30,100,1.107378830128037e-05,1.033212879132206e-08,4.314532860939668e-10,9.332824280714731e-09,1.0972628423095161e-08,1.0,1.0,1.0,4.5789484340438615e-06,0.008725206926516578,0.004907633908287044
PC-M05,mean_signed_shift,message_condition,30,100,1.107378830128037e-05,2.5885168150369543e-06,3.912545886067327e-10,2.587585920060944e-06,2.5890541377324166e-06,1.0,1.0,1.0,0.0011471677575936449,0.009184431663032655,0.004907633908287044
PC-M05,mean_signed_shift,inoculation,30,100,1.107378830128037e-05,2.2537502872039927e-08,4.779366489995014e-10,2.1348943715289175e-08,2.3161687319758837e-08,1.0,1.0,1.0,9.988073664922e-06,0.013781850751817398,0.004907633908287044
PC-M05,mean_signed_shift,seeding_regime,30,100,1.107378830128037e-05,8.452401854580053e-06,3.2643761966148735e-10,8.451787764793208e-06,8.452891830833009e-06,1.0,1.0,1.0,0.0037458991285944333,0.004286676349843016,0.004907633908287044
S-A06,mean_signed_shift,topology,30,100,0.00035842686256252576,1.7596834478036678e-07,1.8423904458682707e-09,1.716223713087709e-07,1.7888355460004748e-07,1.0,1.0,1.0,7.798489479245544e-05,0.14860056932457716,0.1588460765634656
S-A06,mean_signed_shift,message_condition,30,100,0.00035842686256252576,1.183176434367247e-05,2.1009343169145666e-09,1.1828098635684257e-05,1.183544784284886e-05,1.0,1.0,1.0,0.0052435504732517724,0.041980809410355265,0.1588460765634656
S-A06,mean_signed_shift,inoculation,30,100,0.00035842686256252576,3.569546978480332e-07,1.8436141671939374e-09,3.534877763079249e-07,3.598598504751183e-07,1.0,1.0,1.0,0.00015819364893211998,0.21828045453095896,0.1588460765634656
S-A06,mean_signed_shift,seeding_regime,30,100,0.00035842686256252576,0.00034606217517622493,1.482393104527869e-09,0.000346059378523299,0.0003460649276778665,1.0,1.0,1.0,0.15336634754648928,0.1755071005171533,0.1588460765634656
S-A18,mean_signed_shift,topology,30,100,0.003339049198264837,1.8001273611936664e-06,1.3922060956861534e-08,1.7741240070653372e-06,1.8260914865711187e-06,1.0,1.0,1.0,0.0007977727076476505,1.5201594983688975,1.4797854736800875
S-A18,mean_signed_shift,message_condition,30,100,0.003339049198264837,9.20861899824324e-05,1.5590231836814732e-08,9.205478911433445e-05,9.21108994025329e-05,1.0,1.0,1.0,0.04081036192379582,0.3267351071816848,1.4797854736800875
S-A18,mean_signed_shift,inoculation,30,100,0.003339049198264837,2.54593073456635e-06,1.4424740103214571e-08,2.5200735390105516e-06,2.5674527651462018e-06,1.0,1.0,1.0,0.0011282946414700131,1.5568555934290336,1.4797854736800875
S-A18,mean_signed_shift,seeding_regime,30,100,0.003339049198264837,0.003242616950186644,1.1423158335040128e-08,0.0032425942741663143,0.003242638021881134,1.0,1.0,1.0,1.4370490444071737,1.6445088190445227,1.4797854736800875
C-D1,conversion_rate,topology,30,100,9.086583437788121e-07,-3.640758110757573e-09,6.559908511169538e-09,-1.969335034831737e-08,7.781287044914049e-09,0.24,0.76,0.25,-8.879864349860863e-07,-0.001276749503864716,0.00022162315066424812
C-D1,conversion_rate,message_condition,30,100,9.086583437788121e-07,9.221671942173078e-07,6.094591863789554e-09,9.113500764448178e-07,9.330526696988739e-07,1.0,1.0,0.25,0.00022491797981156106,0.0013123181898639568,0.00022162315066424812
C-D1,conversion_rate,inoculation,30,100,9.086583437788121e-07,-6.326366439173737e-09,6.904268986591244e-09,-2.304991195782311e-08,5.073948531157309e-09,0.19,0.81,0.25,-1.5430103868033585e-06,-0.0019821607606236922,0.00022162315066424812
C-D1,conversion_rate,seeding_regime,30,100,9.086583437788121e-07,-3.5417258885645505e-09,6.517725049516774e-09,-1.834959656589171e-08,7.108054189707004e-09,0.32,0.68,0.25,-8.638323255235289e-07,-1.0443652445794616e-06,0.00022162315066424812
C-D10,conversion_rate,topology,30,100,0.00011399783539697219,5.9427885400673266e-08,3.4803010615631196e-08,-9.51229441405553e-10,1.3307686521116733e-07,0.97,0.97,1.0,1.4494551544025773e-05,0.020840308774386206,0.027804245261771665
C-D10,conversion_rate,message_condition,30,100,0.00011399783539697219,2.297472134303783e-05,3.284239238339974e-08,2.291457318826144e-05,2.3042584450640733e-05,1.0,1.0,1.0,0.005603569443386558,0.03269487888377361,0.027804245261771665
C-D10,conversion_rate,inoculation,30,100,0.00011399783539697219,1.5572323911739902e-07,3.173350712881539e-08,9.34978608595431e-08,2.0955086948134566e-07,1.0,1.0,1.0,3.7981134626813076e-05,0.04879080228176646,0.027804245261771665
C-D10,conversion_rate,seeding_regime,30,100,0.00011399783539697219,9.08079629294163e-05,3.456813235153075e-08,9.073769643741847e-05,9.086698116839139e-05,1.0,1.0,1.0,0.02214820013221427,0.02677696789600494,0.027804245261771665
C-D5,conversion_rate,topology,30,100,2.6537931349425906e-05,1.5337093111328535e-08,1.7314968438554898e-08,-1.3457965874649994e-08,5.068815198092665e-08,0.79,0.79,0.92,3.74074031305101e-06,0.005378447407081679,0.0064726417778902395
C-D5,conversion_rate,message_condition,30,100,2.6537931349425906e-05,7.4947882262699e-06,1.9692566219150985e-08,7.4522517025589055e-06,7.5315574493842965e-06,1.0,1.0,0.92,0.0018279902359776012,0.01066568728554713,0.0064726417778902395
C-D5,conversion_rate,inoculation,30,100,2.6537931349425906e-05,4.313915878347375e-08,2.19864048795211e-08,-6.368729920267455e-09,8.253485262165943e-08,0.95,0.95,0.92,1.0521706372979721e-05,0.013516249589564485,0.0064726417778902395
C-D5,conversion_rate,seeding_regime,30,100,2.6537931349425906e-05,1.8984666871261212e-05,1.6693291464889857e-08,1.8951656681106287e-05,1.9015436578677957e-05,1.0,1.0,0.92,0.00463038909522661,0.005598097335618512,0.0064726417778902395
C-D50,conversion_rate,topology,30,100,0.004100015458923784,2.85158372863041e-06,1.3844340103084295e-07,2.5586334812725474e-06,3.0660092498300207e-06,1.0,1.0,1.0,0.0006955056041127524,1.0,1.0
C-D50,conversion_rate,message_condition,30,100,0.004100015458923784,0.0007027009160887311,1.40675386389855e-07,0.0007023880435216934,0.0007029654971097111,1.0,1.0,1.0,0.17138982111867052,1.0,1.0
C-D50,conversion_rate,inoculation,30,100,0.004100015458923784,3.1916515374782866e-06,1.2002021248323427e-07,2.915156624191072e-06,3.4186540159599193e-06,1.0,1.0,1.0,0.000778448659390193,1.0,1.0
C-D50,conversion_rate,seeding_regime,30,100,0.004100015458923784,0.003391271307568944,1.02072216189151e-07,0.0033910675356262298,0.0033914509568175395,1.0,1.0,1.0,0.8271362246178265,1.0,1.0
CS-0,conversion_rate,topology,30,100,8.169648718197267e-05,1.3042405091775668e-07,5.8458323142146244e-08,1.6226283088566715e-08,2.2140163711768913e-07,0.98,0.98,0.63,3.18106241853029e-05,0.045737408868018116,0.019925897353425405
CS-0,conversion_rate,message_condition,30,100,8.169648718197267e-05,8.111702005080717e-05,5.1545757007379975e-08,8.101172997751821e-05,8.121783223833785e-05,1.0,1.0,0.63,0.019784564439691073,0.11543605279797926,0.019925897353425405
CS-0,conversion_rate,inoculation,30,100,8.169648718197267e-05,3.064679538067664e-07,4.85073895195303e-08,2.246638234014798e-07,4.02141367149467e-07,1.0,1.0,0.63,7.474799958125313e-05,0.09602174617373979,0.019925897353425405
CS-0,conversion_rate,seeding_regime,30,100,8.169648718197267e-05,1.4257512644096368e-07,6.304210476877593e-08,1.2785160237328285e-08,2.5737693648364813e-07,0.98,0.98,0.63,3.477428996777206e-05,4.2041793035771484e-05,0.019925897353425405
CS-15,conversion_rate,topology,30,100,0.00011227085949920078,8.713456005060476e-08,6.66879206577132e-08,-4.545390800651656e-08,1.9398312128299446e-07,0.91,0.91,0.99,2.1252251588699322e-05,0.03055654974313334,0.027383033216335933
CS-15,conversion_rate,message_condition,30,100,0.00011227085949920078,8.148305028549943e-05,5.7939455749367365e-08,8.135681965609911e-05,8.158248307952722e-05,1.0,1.0,0.99,0.0198738397700793,0.11595694330247669,0.027383033216335933
CS-15,conversion_rate,inoculation,30,100,0.00011227085949920078,2.0648936806277602e-07,5.4129995799866894e-08,9.26687079868098e-08,2.9784418173391916e-07,1.0,1.0,0.99,5.0363070610708766e-05,0.06469671442450844,0.027383033216335933
CS-15,conversion_rate,seeding_regime,30,100,0.00011227085949920078,3.049418528558798e-05,5.588526330262622e-08,3.0392536298544846e-05,3.059039024465726e-05,1.0,1.0,0.99,0.007437578124057225,0.008991962753769749,0.027383033216335933
CS-30,conversion_rate,topology,30,100,0.00021862843092441286,1.2647473170016138e-07,6.650411518627044e-08,-2.181251979076681e-09,2.428681813275947e-07,0.96,0.96,1.0,3.084737922753097e-05,0.04435245243908937,0.053323806486768904
CS-30,conversion_rate,message_condition,30,100,0.00021862843092441286,8.833771860507615e-05,6.298536448510329e-08,8.819631427412893e-05,8.843509121031056e-05,1.0,1.0,1.0,0.021545703788215468,0.12571168840474603,0.053323806486768904
CS-30,conversion_rate,inoculation,30,100,0.00021862843092441286,4.284269555529981e-07,5.568769219642542e-08,3.1200549736684454e-07,5.201641120860619e-07,1.0,1.0,1.0,0.00010449398541181507,0.13423362498134644,0.053323806486768904
CS-30,conversion_rate,seeding_regime,30,100,0.00021862843092441286,0.00012973581063208356,5.222201540205256e-08,0.00012963458819029722,0.0001298274045283174,1.0,1.0,1.0,0.031642761333914096,0.038255804052753764,0.053323806486768904
CS-45,conversion_rate,topology,30,100,0.00040822090697731307,1.0911134188339114e-07,7.663496334506298e-08,-7.148611647879785e-08,2.1870186362048742e-07,0.89,0.89,1.0,2.661242206926504e-05,0.0382634186006512,0.09956569946311063
CS-45,conversion_rate,message_condition,30,100,0.00040822090697731307,9.912304443753328e-05,6.429164872756158e-08,9.898697530316395e-05,9.923409760084523e-05,1.0,1.0,1.0,0.024176261145988986,0.14106007572788884,0.09956569946311063
CS-45,conversion_rate,inoculation,30,100,0.00040822090697731307,3.79123508847839e-07,5.614654043979531e-08,2.51865578665875e-07,4.755505021905175e-07,1.0,1.0,1.0,9.24687998487097e-05,0.11878599665281231,0.09956569946311063
CS-45,conversion_rate,seeding_regime,30,100,0.00040822090697731307,0.0003086096276890487,6.497634711176543e-08,0.00030843674326318433,0.00030871109913916626,1.0,1.0,1.0,0.0752703570952037,0.09100116142293482,0.09956569946311063
CS-45-R,conversion_rate,topology,30,100,0.00046329721872969716,4.4522089666961346e-07,6.543288199180943e-08,3.128747076920229e-07,5.582927112641064e-07,1.0,1.0,1.0,0.00010859005316689217,0.15613109732655442,0.11299889558253237
CS-45-R,conversion_rate,message_condition,30,100,0.00046329721872969716,0.00011068956512906798,6.418735674501058e-08,0.00011055771980460396,0.00011080558721278805,1.0,1.0,1.0,0.02699735311683995,0.15752016625390458,0.11299889558253237
CS-45-R,conversion_rate,inoculation,30,100,0.00046329721872969716,8.999050394742896e-07,6.869579332376472e-08,7.51200374475398e-07,1.00174933655656e-06,1.0,1.0,1.0,0.00021948820644459384,0.2819559180903883,0.11299889558253237
CS-45-R,conversion_rate,seeding_regime,30,100,0.00046329721872969716,0.0003512625276644852,5.6411583469620906e-08,0.0003511508146454653,0.0003513583192157938,1.0,1.0,1.0,0.08567346420608092,0.10357842113089152,0.11299889558253237
D-A95,conversion_rate,topology,30,100,0.00030588555199954215,8.664440932098824e-07,1.1110027051234234e-07,6.171862023340546e-07,1.0520830992167492e-06,1.0,1.0,0.8,0.00021132703081010236,0.30384662547714414,0.07460595089556914
D-A95,conversion_rate,message_condition,30,100,0.00030588555199954215,0.0003016319368159198,1.0788079169836425e-07,0.0003014215084131442,0.0003018474713056927,1.0,1.0,0.8,0.07356848768933553,0.42924653990038664,0.07460595089556914
D-A95,conversion_rate,inoculation,30,100,0.00030588555199954215,1.7370301547635705e-06,9.824211676822205e-08,1.5639620430536441e-06,1.9121381876400524e-06,1.0,1.0,0.8,0.00042366429399257066,0.5442417928042333,0.07460595089556914
D-A95,conversion_rate,seeding_regime,30,100,0.00030588555199954215,1.6501409356489103e-06,1.0888206508537156e-07,1.4013947291066104e-06,1.8298364960819384e-06,1.0,1.0,0.8,0.0004024718814309195,0.0004865847601063287,0.07460595089556914
E-S,conversion_rate,topology,30,100,0.0031647307632276717,1.3222257973304747e-06,1.261750493674698e-07,1.0876655701280864e-06,1.5217384009681787e-06,1.0,1.0,1.0,0.000322492880960392,0.463681211270457,0.7718826416470108
E-S,conversion_rate,message_condition,30,100,0.0031647307632276717,0.00011017229601063418,1.2860568649863623e-07,0.00010995178583173796,0.00011038661935372863,1.0,1.0,1.0,0.026871190392914614,0.15678405063687514,0.7718826416470108
E-S,conversion_rate,inoculation,30,100,0.0031647307632276717,3.8238437928225615e-06,1.0895142368735722e-07,3.591537836332651e-06,4.006876400073197e-06,1.0,1.0,1.0,0.0009326413110223456,1.1980768413846856,0.7718826416470108
E-S,conversion_rate,seeding_regime,30,100,0.0031647307632276717,0.0030494123976268855,9.350439193531268e-08,0.003049208968389499,0.00304957755296132,1.0,1.0,1.0,0.7437563170621138,0.8991944675204644,0.7718826416470108
E-SD,conversion_rate,topology,60,100,5.21141956985358e-08,-1.1000135556876148e-09,3.3533827399775558e-09,-8.637103452622671e-09,3.850035409183441e-09,0.42,0.58,0.23,-2.682949775941475e-07,-0.00038575530665408217,1.2710731513245391e-05
E-SD,conversion_rate,message_condition,60,100,5.21141956985358e-08,5.5876607669085104e-08,3.779652105324236e-09,4.676622351672191e-08,6.107029514848838e-08,1.0,1.0,0.23,1.3628389509475703e-05,7.951691308458388e-05,1.2710731513245391e-05
E-SD,conversion_rate,inoculation,60,100,5.21141956985358e-08,-8.129500574036675e-10,3.1132693646374814e-09,-7.514835140186206e-09,4.556919601848303e-09,0.44,0.56,0.23,-1.982797541980633e-07,-0.0002547114081401182,1.2710731513245391e-05
E-SD,conversion_rate,seeding_regime,60,100,5.21141956985358e-08,-1.8494483574580192e-09,2.7500338216731704e-09,-7.049515416024763e-09,2.755443546033033e-09,0.31,0.69,0.23,-4.5108326443810097e-07,-5.453554698883142e-07,1.2710731513245391e-05
J-S06-D05,conversion_rate,topology,60,100,7.271304007803804e-09,2.0630541754378357e-10,1.276996158301356e-09,-2.4808619357426983e-09,2.266215675223829e-09,0.59,0.59,0.53,5.031820479963186e-08,7.234766262426045e-05,1.7734820955315263e-06
J-S06-D05,conversion_rate,message_condition,60,100,7.271304007803804e-09,9.420149464373697e-09,1.2893507373665145e-09,6.999714234575277e-09,1.1524666775264582e-08,1.0,1.0,0.53,2.2975887673473308e-06,1.3405631398357534e-05,1.7734820955315263e-06
J-S06-D05,conversion_rate,inoculation,60,100,7.271304007803804e-09,-1.0364829995739346e-09,1.1239389080133035e-09,-3.2138030086912007e-09,1.1392212133790813e-09,0.19,0.81,0.53,-2.527997784296164e-07,-0.00032474817109666567,1.7734820955315263e-06
J-S06-D05,conversion_rate,seeding_regime,60,100,7.271304007803804e-09,-1.318667874539741e-09,1.1084558140641276e-09,-3.7626709126195225e-09,6.538213894513313e-10,0.11,0.89,0.53,-3.216250981858198e-07,-3.888417513504802e-07,1.7734820955315263e-06
J-S06-D50,conversion_rate,topology,30,100,9.076466197758616e-07,-5.223255915253509e-09,2.2695087731446372e-08,-5.3549025403657234e-08,3.101732476033378e-08,0.45,0.55,0.58,-1.2739600539517392e-06,-0.001831703506655297,0.00022137638964271378
J-S06-D50,conversion_rate,message_condition,30,100,9.076466197758616e-07,9.830963854099647e-07,2.611175072539716e-08,9.363640291393637e-07,1.0326393150979802e-06,1.0,1.0,0.58,0.00023977870211933748,0.001399025336243944,0.00022137638964271378
J-S06-D50,conversion_rate,inoculation,30,100,9.076466197758616e-07,-4.1609467787895065e-08,2.086635206794704e-08,-8.819954234333877e-08,-7.204942654700561e-09,0.0,1.0,0.58,-1.0148612414943715e-05,-0.013036970765539953,0.00022137638964271378
J-S06-D50,conversion_rate,seeding_regime,30,100,9.076466197758616e-07,-2.861704193095443e-08,2.230183221750699e-08,-7.03884459728718e-08,9.906437417024135e-09,0.08,0.92,0.58,-6.9797400077282e-06,-8.43844073079153e-06,0.00022137638964271378
J-S06-D95,conversion_rate,topology,30,100,4.4236630994581065e-06,3.5234256178881505e-08,3.782163535804119e-08,-4.391513404886022e-08,9.495394823159952e-08,0.83,0.83,0.71,8.593688617001012e-06,0.012356030729563814,0.001078938151276941
J-S06-D95,conversion_rate,message_condition,30,100,4.4236630994581065e-06,4.186167045886535e-06,3.4562041811025456e-08,4.119471114590448e-06,4.246363981114305e-06,1.0,1.0,0.71,0.0010210125029590413,0.005957252865396778,0.001078938151276941
J-S06-D95,conversion_rate,inoculation,30,100,4.4236630994581065e-06,5.296455736990999e-08,3.967883413668887e-08,-2.7243772757145135e-08,1.1675433258387146e-07,0.88,0.88,0.71,1.2918136016934116e-05,0.016594718047370897,0.001078938151276941
J-S06-D95,conversion_rate,seeding_regime,30,100,4.4236630994581065e-06,1.4929724002278025e-07,3.261611065134455e-08,8.213012670024443e-08,2.073879378371212e-07,1.0,1.0,0.71,3.6413823683964695e-05,4.402397404464965e-05,0.001078938151276941
J-S14-D50,conversion_rate,topology,30,100,7.108233727619523e-06,4.53013405917211e-08,6.310101811065619e-08,-8.592544317165448e-08,1.437127990879426e-07,0.79,0.79,0.87,1.1049065801232927e-05,0.01588637925545989,0.0017337090064253975
J-S14-D50,conversion_rate,message_condition,30,100,7.108233727619523e-06,6.698234630946662e-06,6.172149588779132e-08,6.515470847246367e-06,6.783982650711455e-06,1.0,1.0,0.87,0.001633709603793759,0.009532127363984915,0.0017337090064253975
J-S14-D50,conversion_rate,inoculation,30,100,7.108233727619523e-06,2.188733208834307e-07,4.9372484561043366e-08,1.101958949225506e-07,2.972849554658093e-07,1.0,1.0,0.87,5.338353551985946e-05,0.06857682247365944,0.0017337090064253975
J-S14-D50,conversion_rate,seeding_regime,30,100,7.108233727619523e-06,1.458244351977086e-07,5.313057281804319e-08,5.150187997736806e-08,2.3763390840962186e-07,1.0,1.0,0.87,3.556680131054583e-05,4.299993187576722e-05,0.0017337090064253975
J-S14-D95,conversion_rate,topology,30,100,3.501578835774607e-05,6.177400194291039e-07,1.0512101873227968e-07,4.277944572223127e-07,8.086661384116798e-07,1.0,1.0,1.0,0.0001506677293336974,0.21663050368357897,0.008540403983485807
J-S14-D95,conversion_rate,message_condition,30,100,3.501578835774607e-05,3.144324122012365e-05,9.568757496970025e-08,3.123262809951689e-05,3.16066729178087e-05,1.0,1.0,1.0,0.007669054308487221,0.044746264733989995,0.008540403983485807
J-S14-D95,conversion_rate,inoculation,30,100,3.501578835774607e-05,1.6783058293304588e-06,9.868118487081644e-08,1.494433542325872e-06,1.8408767386709303e-06,1.0,1.0,1.0,0.00040934134179362305,0.5258424391330899,0.008540403983485807
J-S14-D95,conversion_rate,seeding_regime,30,100,3.501578835774607e-05,1.2765012888628572e-06,9.98387463952846e-08,1.0821187873495943e-06,1.455690012745941e-06,1.0,1.0,1.0,0.00031134060387126615,0.0003764078934097213,0.008540403983485807
J-S18-D05,conversion_rate,topology,60,100,5.617223435316202e-08,-3.4414313630960097e-09,4.328514954217997e-09,-1.2736676971778773e-08,4.527337307943338e-09,0.22,0.78,0.27,-8.393703383741274e-07,-0.0012068491373910658,1.3700493306897607e-05
J-S18-D05,conversion_rate,message_condition,60,100,5.617223435316202e-08,7.263595169060446e-08,4.727237457245279e-09,6.16964307027425e-08,7.984866684535424e-08,1.0,1.0,0.27,1.771601898049202e-05,0.00010336680944561713,1.3700493306897607e-05
J-S18-D05,conversion_rate,inoculation,60,100,5.617223435316202e-08,-6.201353376878173e-09,4.0269236623629545e-09,-1.4696353393738478e-08,5.657871274371692e-10,0.05,0.95,0.27,-1.512519510964471e-06,-0.0019429919914684176,1.3700493306897607e-05
J-S18-D05,conversion_rate,seeding_regime,60,100,5.617223435316202e-08,-6.82093259746826e-09,3.489907913908796e-09,-1.3832576510442615e-08,-1.4754102022792187e-09,0.01,0.99,0.27,-1.6636358242558168e-06,-2.0113202332838104e-06,1.3700493306897607e-05
J-S18-D50,conversion_rate,topology,30,100,1.4629937439804536e-05,1.9752141170449718e-07,7.213333907018806e-08,3.823138753296582e-08,3.0324571061264243e-07,0.99,0.99,0.93,4.8175772429000724e-05,0.06926726707034653,0.0035682639703131167
J-S18-D50,conversion_rate,message_condition,30,100,1.4629937439804536e-05,1.3332224696843651e-05,6.533024788669632e-08,1.3199810236116596e-05,1.3449500849721337e-05,1.0,1.0,0.93,0.0032517498605586326,0.018972829537566977,0.0035682639703131167
J-S18-D50,conversion_rate,inoculation,30,100,1.4629937439804536e-05,8.010715241883267e-07,6.856853839797852e-08,6.793944875269267e-07,9.215445655562603e-07,1.0,1.0,0.93,0.00019538256189858384,0.25098965685372115,0.0035682639703131167
J-S18-D50,conversion_rate,seeding_regime,30,100,1.4629937439804536e-05,2.9911980706806035e-07,6.734027719699447e-08,1.7147506628990988e-07,4.136787201541968e-07,1.0,1.0,0.93,7.295577542689962e-05,8.820285372050826e-05,0.0035682639703131167
J-S18-D95,conversion_rate,topology,30,100,7.728687980549475e-05,1.3376742263765532e-06,1.279111303605567e-07,1.106227155771892e-06,1.5782293099880594e-06,1.0,1.0,1.0,0.00032626077627709245,0.4690987022215287,0.018850387414339614
J-S18-D95,conversion_rate,message_condition,30,100,7.728687980549475e-05,6.985115226955449e-05,1.2127623239437857e-07,6.957608951966781e-05,7.006618678639576e-05,1.0,1.0,1.0,0.017036802170470298,0.09940381557825417,0.018850387414339614
J-S18-D95,conversion_rate,inoculation,30,100,7.728687980549475e-05,3.537300738086617e-06,1.2830486906767816e-07,3.3106369823116817e-06,3.751632926080742e-06,1.0,1.0,1.0,0.0008627530245983819,1.108297913023872,0.018850387414339614
J-S18-D95,conversion_rate,seeding_regime,30,100,7.728687980549475e-05,2.5607525714770897e-06,1.1821720618724084e-07,2.3181947536771736e-06,2.7581535671578386e-06,1.0,1.0,1.0,0.0006245714429938427,0.0007551010636517851,0.018850387414339614
NC-NoOp,conversion_rate,topology,30,100,0.004100015458923784,2.85158372863041e-06,1.3844340103084295e-07,2.5586334812725474e-06,3.0660092498300207e-06,1.0,1.0,1.0,0.0006955056041127524,1.0,1.0
NC-NoOp,conversion_rate,message_condition,30,100,0.004100015458923784,0.0007027009160887311,1.40675386389855e-07,0.0007023880435216934,0.0007029654971097111,1.0,1.0,1.0,0.17138982111867052,1.0,1.0
NC-NoOp,conversion_rate,inoculation,30,100,0.004100015458923784,3.1916515374782866e-06,1.2002021248323427e-07,2.915156624191072e-06,3.4186540159599193e-06,1.0,1.0,1.0,0.000778448659390193,1.0,1.0
NC-NoOp,conversion_rate,seeding_regime,30,100,0.004100015458923784,0.003391271307568944,1.02072216189151e-07,0.0033910675356262298,0.0033914509568175395,1.0,1.0,1.0,0.8271362246178265,1.0,1.0
PC-M01,conversion_rate,topology,30,100,3.886110191094731e-05,7.107333281236774e-08,4.1523271990189083e-08,4.056894142867699e-09,1.3658308194422686e-07,0.98,0.98,0.86,1.7334893861845056e-05,0.02492416129983447,0.009478281801685692
PC-M01,conversion_rate,message_condition,30,100,3.886110191094731e-05,3.545591318425705e-05,4.012043032635127e-08,3.539074345455737e-05,3.5532383074063266e-05,1.0,1.0,0.86,0.008647751097398033,0.0504566201245424,0.009478281801685692
PC-M01,conversion_rate,inoculation,30,100,3.886110191094731e-05,1.1370317488693763e-07,3.7353787471517255e-08,3.157465421352545e-08,1.8460637840815005e-07,1.0,1.0,0.86,2.7732377115666695e-05,0.0356251845014303,0.009478281801685692
PC-M01,conversion_rate,seeding_regime,30,100,3.886110191094731e-05,3.2204122189909614e-06,4.0410400754813834e-08,3.1317110874933337e-06,3.287940742544285e-06,1.0,1.0,0.86,0.000785463433310149,0.0009496179830270012,0.009478281801685692
PC-M05,conversion_rate,topology,30,100,1.3667786477312627e-05,1.3031031914147718e-08,1.455299209904634e-08,-1.8964815493205072e-08,3.4631318086449555e-08,0.84,0.84,0.85,3.1782884832264127e-06,0.004569752514476019,0.003333593888667994
PC-M05,conversion_rate,message_condition,30,100,1.3667786477312627e-05,3.003635004793563e-06,1.5737616372827658e-08,2.970619351500863e-06,3.026533027914233e-06,1.0,1.0,0.85,0.0007325911413958399,0.004274414528320167,0.003333593888667994
PC-M05,conversion_rate,inoculation,30,100,1.3667786477312627e-05,-1.1699801561259499e-09,1.2948942415954496e-08,-3.069801128108504e-08,1.9257506712462134e-08,0.53,0.47,0.85,-2.853599377483954e-07,-0.0003665751547082572,0.003333593888667994
PC-M05,conversion_rate,seeding_regime,30,100,1.3667786477312627e-05,1.065229042076104e-05,1.1712128142191707e-08,1.0623954938922591e-05,1.0667819446781143e-05,1.0,1.0,0.85,0.002598109818726676,0.0031410905983801124,0.003333593888667994
S-A06,conversion_rate,topology,30,100,0.00032703110652084583,2.728984684766212e-08,5.332948277734609e-08,-8.368854476984454e-08,1.0894950498940928e-07,0.71,0.71,1.0,6.656035110371377e-06,0.009570066827660427,0.07976338377189643
S-A06,conversion_rate,message_condition,30,100,0.00032703110652084583,7.402070655867123e-06,4.78823399808888e-08,7.303708445476221e-06,7.474068450002932e-06,1.0,1.0,1.0,0.001805376279681174,0.010533742715275544,0.07976338377189643
S-A06,conversion_rate,inoculation,30,100,0.00032703110652084583,2.0485094020712023e-07,4.336449120290323e-08,1.1847319485026057e-07,2.808051803322439e-07,1.0,1.0,1.0,4.9963455567285036e-05,0.0641833664488863,0.07976338377189643
S-A06,conversion_rate,seeding_regime,30,100,0.00032703110652084583,0.000319396895077924,3.7579036538540775e-08,0.0003193133242445509,0.000319450742978446,1.0,1.0,1.0,0.07790138800153762,0.09418205330993876,0.07976338377189643
S-A18,conversion_rate,topology,30,100,0.00677376953305108,6.037917104435536e-06,1.8121531263525646e-07,5.725903371420839e-06,6.3560617874159054e-06,1.0,1.0,1.0,0.0014726571557904403,2.1173907831685845,1.652132681184849
S-A18,conversion_rate,message_condition,30,100,0.00677376953305108,0.00024932429668995867,1.7161120314134096e-07,0.0002489532783281889,0.00024959201512703805,1.0,1.0,1.0,0.06081057478632142,0.35480855507875286,1.652132681184849
S-A18,conversion_rate,inoculation,30,100,0.00677376953305108,5.408675620766838e-06,1.8701241851544037e-07,5.0419614064880165e-06,5.673949266619499e-06,1.0,1.0,1.0,0.001319184201853367,1.6946322483062217,1.652132681184849
S-A18,conversion_rate,seeding_regime,30,100,0.00677376953305108,0.00651299864363592,1.3596344015392062e-07,0.006512700720999637,0.006513237112708975,1.0,1.0,1.0,1.588530265040884,1.9205183109648658,1.652132681184849
