ss_sys,ss_mc,ms_mc,grand_mean,cell_mean_mc_se_median,main_ss__topology,main_share__topology,shapley_ss__topology,shapley_share__topology,main_ss__message_condition,main_share__message_condition,shapley_ss__message_condition,shapley_share__message_condition,main_ss__inoculation,main_share__inoculation,shapley_ss__inoculation,shapley_share__inoculation,main_ss__seeding_regime,main_share__seeding_regime,shapley_ss__seeding_regime,shapley_share__seeding_regime,design,outcome
0.01036772837197347,0.0010103518723019076,2.419424981565871e-07,0.004214181507624778,9.034982372102193e-05,1.3076737942636206e-06,0.00012612924908397347,1.0349574735558979e-05,0.000998249024688613,0.01032720503711694,0.9960913969384002,0.010335561502449818,0.9968974042944058,5.5206895581594564e-06,0.0005324878662025177,1.3043475243631026e-05,0.0012580841989351071,1.5043252359810415e-06,0.0001450968989549923,8.773819544464185e-06,0.0008462624819706876,C-D1,mean_total_shift
0.0033402427150194852,0.0011216490230709923,2.685941147200652e-07,0.002261181275896606,9.631559559777259e-05,1.5680502296150298e-06,0.00046944200269167645,1.579983949373217e-05,0.004730147130532699,0.0032684065885147714,0.978493740535171,0.0032821463870757283,0.9826071537608554,1.6841230487411587e-05,0.005041918185072172,3.1056796980623324e-05,0.009297766548812652,2.8671126561481303e-07,8.583545870053354e-05,1.1239691469401584e-05,0.003364932559799331,C-D1,mean_signed_shift
0.004679904500018081,0.022419724193394858,5.368707900717159e-06,0.0026864546612495417,0.0004266573436750621,5.346834356373575e-06,0.001142509287604676,0.00018266061432488346,0.039030842258464406,0.0040406945518902185,0.8634138905771703,0.004189363081832637,0.8951813187248695,2.294299401195393e-05,0.004902449187128773,0.00014981620539384193,0.03201266294926811,7.923368690960544e-06,0.001693062046657134,0.00015806459846671883,0.03377517606739799,C-D1,conversion_rate
0.2559662275012204,0.0025152496919561653,6.023107499895032e-07,0.010514886157095338,0.00011315071032202677,6.255768687279591e-05,0.00024439820629265494,0.00010341413407494893,0.00040401476040215456,0.063134680761211,0.2466523860492884,0.07418281799644069,0.2898148662838226,5.103099358673975e-05,0.00019936611983897932,8.195828531284616e-05,0.0003201917929288363,0.17053374721998982,0.6662353423917097,0.1815980370853919,0.7094609271628465,C-D5,mean_total_shift
0.09131341164476098,0.0031366022817026747,7.511020789517899e-07,0.005943537486329543,0.00012035526268635162,4.9449396015550966e-05,0.0005415348646475425,0.00010415794069662342,0.00114066421153808,0.021887052863637447,0.23969154661294703,0.026127317939844984,0.28612793530800046,0.00015328430722282363,0.001678661485337441,0.00024306486549769107,0.002661874757711308,0.06057699133993287,0.6633964304783307,0.06483887089872167,0.7100695257227501,C-D5,mean_signed_shift
0.11659564042511035,0.056149015409947906,1.3445645452573732e-05,0.006863932595146084,0.0005952897709574862,0.00012449126096377805,0.0010677179739300722,0.0005731825814753561,0.004915986390104462,0.027384369621190986,0.234866153840289,0.032905793877807135,0.2822214772167455,0.0001721616773659018,0.0014765704509893888,0.0006481811708396191,0.0055592230419279475,0.0769532165134843,0.6600008047720406,0.08246848279498827,0.7073033133512223,C-D5,conversion_rate
0.9874081942380698,0.004208795624424474,1.007853358339194e-06,0.017049881332750615,0.0001332490901525384,0.00027555552043029643,0.0002790695094878445,0.0004950351123251349,0.0005013479888194842,0.16216294657919564,0.16423091030182116,0.20833202267325054,0.21098875205710568,0.00015041808651940447,0.0001523362753085861,0.0002746911238641292,0.00027819408980709714,0.7319922980474808,0.7413269429187999,0.7783064453286306,0.7882317058642684,C-D10,mean_total_shift
0.413261562747542,0.005411573613817182,1.2958749075232716e-06,0.010295779610225013,0.00014295121439199374,0.00015856392460502538,0.00038368902142948806,0.0003596449019551302,0.0008702597443712282,0.06419166716040331,0.15532939171412236,0.08514917092994592,0.20604183549962238,0.00041915519959407694,0.0010142612751288832,0.0006994009752709876,0.0016923929983254837,0.30592655632631144,0.740273434316947,0.32705334594036994,0.7913955117576809,C-D10,mean_signed_shift
0.49547591317512385,0.08771841716553237,2.1005368095194533e-05,0.011578731609536765,0.0006630171516048017,0.00026955455422917056,0.0005440316008538192,0.0010463367681259777,0.0021117813001661585,0.07571142085153254,0.15280545196709222,0.10005796211087373,0.2019431408273295,0.0005886212297435748,0.0011879916139042042,0.0013889511680192043,0.0028032667806563694,0.36848858754732045,0.7437063593787246,0.3929826631281049,0.7931418110918479,C-D10,conversion_rate
14.519416667293346,0.017710221023288522,4.240953310174455e-06,0.048704719957071076,0.00018892409623027083,0.0027206022283503633,0.00018737682723017602,0.0053591507748477814,0.00036910234740489847,1.1833100968991999,0.08149845989093638,1.853160412308437,0.12763325516257784,0.0019813064459289725,0.0001364590941447457,0.0038382666970562442,0.00026435405670961846,11.98439273769764,0.8254045608246687,12.657058837513006,0.8717332884333078,C-D50,mean_total_shift
9.748599085544088,0.023059572052635396,5.521928173523802e-06,0.03708900052105774,0.00021952322747070347,0.0024636250164505233,0.00025271579996594183,0.005317559675278389,0.0005454691108554913,0.7356306808074182,0.07546014297564697,1.2177543987967006,0.12491583540474784,0.003866413420940547,0.0003966122093044054,0.007239442607453631,0.0007426136354493015,8.032180323064592,0.8239317518940006,8.518287684464656,0.8737960818489475,C-D50,mean_signed_shift
17.722076743184243,0.29252111504806816,7.00481597337328e-05,0.046904274955934154,0.0008630285887838466,0.004339740044667805,0.0002448776239690324,0.015060065242645242,0.0008497912214739287,1.7293033486192988,0.09757904638824984,3.0383046597293504,0.17144179566301992,0.006456647348570026,0.0003643279194721463,0.01608519759651012,0.0009076361551529986,13.337536803744928,0.7525944615308378,14.652626820615742,0.8268007769603535,C-D50,conversion_rate
12.972305238068113,0.017708733655593886,4.240597139749493e-06,0.04997488596811543,0.0001822458616272982,0.0027069199801653884,0.00020866915559631971,0.0050812341473154676,0.0003916986267332224,0.09654724649931434,0.0074425666623993605,0.16627771257829072,0.012817900097689456,0.002199267954469769,0.00016953563103155075,0.004119553293182683,0.0003175652451573197,12.723894195525922,0.9808506631640758,12.796826738049324,0.98647283603042,E-S,mean_total_shift
9.08707350496648,0.0228436821244462,5.47023039378501e-06,0.038536379388031027,0.00020849403991492807,0.0022788431226020483,0.0002507785505813903,0.004779888152570489,0.0005260096278475213,0.15727192839119908,0.0173072142868926,0.2622148727027839,0.028855810680905362,0.003927199598845177,0.000432174296455156,0.00708053560808817,0.0007791876674287218,8.70391269596954,0.9578345207852094,8.812998208503037,0.9698389920238184,E-S,mean_signed_shift
13.68154136099369,0.2928028491025422,7.011562478509152e-05,0.04648486534562538,0.0008913601533715738,0.0012625834887304498,9.228371682814168e-05,0.008470474374574589,0.0006191169657772667,0.26097741356577236,0.019075147067115075,0.4785526927997116,0.03497798092867471,0.007205500649038181,0.0005266585437208989,0.018779132636571085,0.0013725889606349996,12.950697647413667,0.9465817707013867,13.175739061182833,0.963030313144913,E-S,conversion_rate
0.0003043838607483762,0.0009455026550864722,2.2641347104561118e-07,0.004247494705636881,8.420823044733293e-05,2.3076111364834588e-06,0.007581253259649935,1.1733814873927254e-05,0.03854939892370706,0.00026340682366252777,0.865377103158164,0.0002721008039902902,0.893939656725843,5.363927907482533e-06,0.017622248086000557,1.2790742997368584e-05,0.04202175163269335,1.1106421301711252e-06,0.003648820694502115,7.758498886790131e-06,0.02548919271775654,E-SD,mean_total_shift
0.0007849832655196631,0.001054636584491882,2.525470748304315e-07,0.0023200905866033587,8.909274006536471e-05,2.3781074122171517e-06,0.003029500776227162,1.5212043179880501e-05,0.019378812069082835,0.0007230832257162545,0.9211447650894438,0.0007334407257690715,0.9343393139515271,1.4333084431228624e-05,0.018259095525737158,2.721721603818852e-05,0.03467235192608925,1.5772916277917756e-07,0.00020093315323704389,9.113280532522667e-06,0.011609522053300878,E-SD,mean_signed_shift
0.0010268821334694874,0.023789649810455872,5.696755222810314e-06,0.0027428857982402573,0.00042409299328832257,3.0931471718957045e-06,0.003012173521263834,0.00020368330796623695,0.19835120441531098,0.0002942926320548178,0.28658852117769595,0.00047066431524309213,0.4583430755123537,1.4042916210431652e-05,0.013675295102258121,0.00017417245450628016,0.16961289794556103,2.8492828706369543e-06,0.0027746931977579463,0.0001783620557538782,0.1736928221267743,E-SD,conversion_rate
0.7113041619891125,0.008627342751571752,2.0659345669472588e-06,0.035630816050717745,0.0002638403767994789,0.0011524260745206436,0.0016201593300086484,0.001466768311680429,0.0020620831285152524,0.7047074748050682,0.9907259263525225,0.7052448479261278,0.9914814022090912,0.0007586491068842893,0.0010665607589906124,0.0010217598968503005,0.0014364598879795954,0.003193132724761028,0.0044891241966469805,0.0035707858544539285,0.005020054774413908,CS-0,mean_total_shift
0.3039692262420316,0.011608576075652084,2.7798314357404417e-06,0.022153831920999248,0.0003137973949976924,0.0006217863936696143,0.0020455570498262377,0.001066054299045225,0.0035071125857865397,0.29948629379320935,0.9852520187512246,0.29992436792395005,0.9866931979658333,0.0018913056948770286,0.006222030164892747,0.002378620738578228,0.007825202465345231,0.0004031108037835862,0.001326156626995571,0.0006001832804580628,0.0019744869830348372,CS-0,mean_signed_shift
0.3590565431946847,0.1798690862091071,4.3072099188004575e-05,0.024664846107454706,0.001210424133513955,0.0005469170632008137,0.0015232059506133794,0.0021599908470314134,0.006015740105480381,0.3504656859008118,0.9760738038153092,0.35205174547585993,0.9804911013276627,0.0013046238910452183,0.0036334775560344984,0.0027484267634825974,0.007654579245454296,0.0009221942506667915,0.0025683816884706284,0.0020963801083107607,0.0058385793214025304,CS-0,conversion_rate
0.900640437349025,0.008957940967405407,2.1451008063710264e-06,0.035084605862623255,0.0002584945078706042,0.0010166429348468298,0.0011288000101785907,0.001375393578305,0.0015271283869436056,0.6769265328862737,0.7516057516568563,0.6887389118025453,0.7647212841450939,0.0006616727302237502,0.0007346691340790112,0.0009684438165848181,0.0010752835165111704,0.1978256065951102,0.21964992730883445,0.20955768815158973,0.23267630395145125,CS-15,mean_total_shift
0.41957794982150437,0.012278580281050056,2.940273055807006e-06,0.021961929688489024,0.00029567160180518957,0.000495513537249315,0.0011809808820032485,0.0009537942653711424,0.0022732230465802666,0.2909627325133678,0.6934652610728193,0.29821108744088093,0.7107406086705582,0.001721731902018207,0.004103485187318974,0.002291818511945171,0.005462199605389534,0.11099054029503533,0.26452901145604196,0.11812124960330714,0.28152396867747204,CS-15,mean_signed_shift
0.4911095725913787,0.18028631427284225,4.317201012280705e-05,0.024398548866984372,0.001200864167535142,0.0002535821023868626,0.00051634526496565,0.00204109007103749,0.004156078775389199,0.3444495585436574,0.7013700765923618,0.3536083394753091,0.7200192364597305,0.0008027241450956837,0.0016345112982832852,0.0022905599131574196,0.004664050633489179,0.12415160877695569,0.25279818538632803,0.13316958313187469,0.2711606341313911,CS-15,conversion_rate
1.645016047937892,0.008729327834559803,2.090356282222175e-06,0.034140671091781996,0.00023981625958292952,0.0009512638769253808,0.0005782702716595602,0.001368743260628306,0.0008320546552382226,0.6378900402365588,0.38777131751157395,0.6922214976543577,0.4207992368962547,0.000716776200616786,0.0004357259623790905,0.0010689473366318901,0.0006498096708368699,0.896010455854723,0.5446818935158207,0.9503568596862738,0.57771889877767,CS-30,mean_total_shift
0.8124243885514671,0.01184117188618461,2.835529666231947e-06,0.021784353383396318,0.0002734814091433003,0.0005313642522276579,0.0006540476378054915,0.0010554530147162617,0.0012991399933206197,0.28404846730435207,0.3496306503191067,0.3147971407994565,0.38747869369201493,0.0016224086133383563,0.001996996442008679,0.0023084784167582226,0.0028414686330061846,0.46344793433125564,0.5704505439054729,0.4942633163205362,0.6083806976816583,CS-30,mean_signed_shift
0.9504965448832787,0.17832912832785736,4.270333532755205e-05,0.024290270993184006,0.0010878562690009074,0.00017733022795093158,0.0001865658838062455,0.0021897562756295233,0.0023038024571656133,0.34494530415005337,0.36291063445413446,0.3832252359865042,0.40318424937942765,0.0013385521512591712,0.001408266193564697,0.0032480660432102565,0.003417230773426031,0.5237919574778689,0.5510719216156548,0.561833486577935,0.591094717389981,CS-30,conversion_rate
2.9926981592911064,0.008773370028870613,2.1009027846912386e-06,0.032699500328369116,0.00020614726167691365,0.0009798027507788337,0.00032739778575294876,0.001600450722988984,0.0005347852131429419,0.577182370084406,0.19286354298461084,0.7088173776838238,0.23684893696453654,0.0007493844795292588,0.000250404297273591,0.0012176281046281767,0.00040686632590992793,2.1490794208720847,0.7181076428306243,2.2810627027796655,0.7622094114964106,CS-45,mean_total_shift
1.4669421064858272,0.011604801615455358,2.7789275899078925e-06,0.021545516701820425,0.0002297685769134502,0.0005989583755262989,0.0004083040311394086,0.0012824789637346664,0.0008742532906134541,0.27437231985126376,0.18703691075344736,0.34459311843430745,0.234905738209265,0.0016226872585095842,0.001106169937678629,0.0025248821670924306,0.0017211873297038151,1.0478559121779798,0.7143130649431008,1.1185416269206927,0.7624988211704178,CS-45,mean_signed_shift
1.7694527156830024,0.17285203549523132,4.139177095192321e-05,0.02372420967445245,0.0010813789081754828,0.00023591389382744799,0.00013332591017352281,0.0021428115935938075,0.0012110024611574261,0.33821907896310915,0.1911433269538134,0.42975431157474764,0.24287414281588418,0.0012181107597868945,0.0006884110261837136,0.0029839452436300987,0.0016863661951420422,1.2429654746191399,0.7024575811506552,1.334571647271031,0.7542284885278164,CS-45,conversion_rate
3.5330917971485047,0.008510355597096883,2.03792040160366e-06,0.03434976145989326,0.00020471131831119804,0.0005465372579648934,0.00015469093059115925,0.0011096989532792933,0.0003140872122753537,0.653048095391812,0.18483756802437892,0.8162354104423241,0.2310258145857102,0.0007675154748178788,0.0002172362109123026,0.0013942806909459753,0.0003946347196728017,2.550784159495007,0.7219693984610588,2.7143524070619556,0.7682654634823417,CS-45-R,mean_total_shift
1.675190916640704,0.011828959279869784,2.832605191539699e-06,0.022373201522217785,0.00023668679890087395,0.0003833516738841356,0.00022884058770619343,0.0010257155766178827,0.0006122977186831767,0.3092891455898687,0.18462919212222856,0.3955941168722646,0.236148675916628,0.0017126508516053514,0.0010223615915013237,0.0028105777398721556,0.0016777656277579794,1.1889527208596042,0.7097416235063144,1.2757605064519493,0.7615612607369308,CS-45-R,mean_signed_shift
2.0073714186497726,0.17314931558586022,4.146295871308913e-05,0.02469522723651243,0.001116354149819033,0.00027468792255771503,0.00013683961025134033,0.003487550442094622,0.00173737177370019,0.3731355939406027,0.18588268741595743,0.4797735697453339,0.23900587867692477,0.0018061401916236537,0.0008997538646029573,0.005324164888893757,0.0026523068124956043,1.4108221081634584,0.7028206614162247,1.5187861335734507,0.7566044427368797,CS-45-R,conversion_rate
2.022505962375126,0.016341601316294384,3.913218706009191e-06,0.06062720088921702,0.0003772773128808356,0.002576148053464831,0.0012737406471917325,0.003524181249750888,0.0017424825020601038,1.9899497037512386,0.9839030098157757,1.9925125216486672,0.9851701595523427,0.0025607419740862956,0.0012661233250848335,0.0034325044855514765,0.0016971541985075394,0.020843958498294738,0.01030600595798327,0.023036754991156483,0.01139020374708973,D-A95,mean_total_shift
1.0486186571635265,0.02290990913624454,5.48608935254898e-06,0.041409189281553474,0.0004432119248570219,0.0020823281929518373,0.0019857821322619373,0.0033467804429906027,0.0031916087131651045,1.0304553506204728,0.9826788256922828,1.0321814550410187,0.9843249001815685,0.005674685128709308,0.0054115813121798865,0.007082007446156593,0.006753653864325811,0.004961808674877294,0.00473175700335029,0.006008414233360726,0.005729837240940627,D-A95,mean_signed_shift
1.3323603198804352,0.31356584842483237,7.508760738142538e-05,0.04530410181473628,0.001600429274002882,0.001142697819254579,0.0008576492426291437,0.006649529015559373,0.004990788840181082,1.3023996841799164,0.9775131131920775,1.3059669117559156,0.9801904877151489,0.0047896497088123526,0.0035948606674523083,0.010022112688109697,0.007522073825351592,0.006340977661520056,0.00475920632497453,0.009721766420850448,0.007296649619318346,D-A95,conversion_rate
2.2723332249401644,0.003743058129470912,8.963261804288582e-07,0.020489340937665527,8.455443738695505e-05,0.0003608945109675465,0.0001588211213947504,0.000762284031946511,0.0003354631369994529,0.019570746272507704,0.008612621625080117,0.03406041673878967,0.014989182204861947,0.0004914525716293206,0.00021627662978094316,0.0009904535599341985,0.00043587513884997184,2.221405150006856,0.9775877611723741,2.236520070609494,0.9842394795192886,S-A06,mean_total_shift
1.5485605818118275,0.004631030746786672,1.10896330143359e-06,0.01564191168966005,8.743347581936056e-05,0.0003540107620731896,0.00022860633689835647,0.0008005860435231992,0.0005169872286084588,0.030236978246554677,0.019525860726208842,0.05115618722064262,0.03303466962899798,0.000839082712318821,0.0005418468752039962,0.0015791144235696543,0.0010197304788179993,1.4732438633749891,0.9513634020383515,1.495024694124092,0.9654286126635755,S-A06,mean_signed_shift
1.4164832129415301,0.10862148355201734,2.6010891655176567e-05,0.015580576112848936,0.0005661687923532081,0.000222292601645308,0.00015693274697106053,0.0011439665736765704,0.0008076103996325943,0.01839195276760105,0.012984236311143798,0.032967718319922026,0.023274344530677383,0.0007033034323456148,0.0004965137785749713,0.001741296974020082,0.001229309996836482,1.3654509482982549,0.9639725595213378,1.3806302310739118,0.9746887350728538,S-A06,conversion_rate
20.582158755307397,0.025336871217080857,6.067258433209018e-06,0.06350264824986045,0.00022764098647105137,0.0045256627155442,0.00021988280089313734,0.00814733846054896,0.0003958447001312754,0.14282072952956154,0.006939054898346521,0.24364539904510885,0.011837698947992104,0.003286732285970274,0.00015968841388529006,0.00593716499025841,0.00028846172361426514,20.21860185396032,0.9823363085636811,20.324428852811483,0.9874779946282625,S-A18,mean_total_shift
14.425825932854732,0.03373829372222133,8.079093324286716e-06,0.048902789401081746,0.00025272728551434026,0.004081842993777049,0.00028295385046069884,0.008072393122589967,0.0005595792684705241,0.2414895503914755,0.016740084866924985,0.3981329547639353,0.027598624620666597,0.00643292985394866,0.0004459314762212471,0.011258507057860242,0.0007804410721620493,13.844711779614899,0.9597170965499904,14.008362077910348,0.971061355038701,S-A18,mean_signed_shift
29.277013685861977,0.419003880017685,0.00010033617816515446,0.06664848551082218,0.0009979848793798662,0.011795591767223567,0.00040289600209189775,0.029944927670201217,0.001022813596752246,0.5792554285767426,0.019785331755214776,1.0809839910598353,0.0369226179506774,0.01080645021345882,0.00036911039935324114,0.026614299587841884,0.0009090510348292138,27.618726425576117,0.9433587292037693,28.1394704675441,0.9611455174177412,S-A18,conversion_rate
5.2344931677270935e-05,0.00018116152657345145,4.3381591612416537e-08,0.0016157435788669166,3.700543728294598e-05,4.598071588499926e-07,0.008784177266385635,2.2934292146989888e-06,0.04381377797642317,4.3776222330946326e-05,0.8363029796436761,4.544726331129541e-05,0.8682266239546815,1.5663087932349186e-06,0.029922835755940756,3.241343730538092e-06,0.061922780805644624,3.1379476789018766e-08,0.0005994749784465622,1.3628954207384478e-06,0.026036817263250727,J-S06-D05,mean_total_shift
0.00012003339263612329,0.00018630044854791038,4.461217637641532e-08,0.0008802330222839613,3.814024372613298e-05,6.94277541798165e-07,0.005784036646392569,2.59276827348908e-06,0.021600391495631217,0.00010911336308187297,0.9090250694875052,0.00011095597814445554,0.9243759232967313,3.4822645898167078e-06,0.02901079868977012,5.030706350442364e-06,0.04191089029444299,1.984971974669561e-09,1.6536831385637237e-05,1.4539398677362964e-06,0.012112794913194367,J-S06-D05,mean_signed_shift
0.00036237757588081893,0.008880359958439395,2.126522978553495e-06,0.0010455913042324262,0.0002631343264225534,7.751552814971192e-06,0.0213908181159658,9.813812798986017e-05,0.2708173312085306,4.318059750004176e-05,0.11915913228097556,0.000126367323094542,0.3487172813808504,3.6780562316545995e-06,0.010149789822713154,6.816604598848614e-05,0.18810779288093982,4.335323647756236e-06,0.011963553862897039,6.97060788079306e-05,0.19235759452967913,J-S06-D05,conversion_rate
0.005563809967818588,0.0014910213274755542,3.570453370391653e-07,0.014093281199069862,0.00010740041335086412,0.00015584859459448144,0.028011128254904302,0.0001945357105563039,0.03496447788143559,0.004859852513219768,0.8734756473225089,0.0048785458304161896,0.876835452438885,0.00013309002614839626,0.023920663523412374,0.00017333049677170832,0.031153202171580692,0.00030493480719648254,0.054806833619452114,0.0003173979300743853,0.0570468675080986,J-S06-D50,mean_total_shift
0.010413316181637244,0.001915300886800617,4.5864484837179526e-07,0.008755651460352197,0.00012069821577397868,0.00012151934689630334,0.011669610792245946,0.0001790637175206956,0.017195647802998155,0.009857863195944717,0.9466593565388892,0.009880943162094723,0.9488757461834009,0.00027487227747479846,0.026396228893875898,0.0003326596901865489,0.03194560545209971,4.5264802898277966e-06,0.00043468192176952764,2.0649611835276953e-05,0.0019830005615012734,J-S06-D50,mean_signed_shift
0.0065783685326410895,0.07744963798054472,1.8546369248214732e-05,0.009724302596515204,0.0007714167813655495,0.00011687636964602712,0.01776677136072574,0.0006614449299606356,0.10054847591444958,0.004533089249858015,0.6890901942275445,0.004985390232670152,0.75784599295908,1.894192759471361e-05,0.002879426335074722,0.0004344588901800023,0.06604356202062388,3.848752527055947e-05,0.005850618596326567,0.000497074479830299,0.07556196910584653,J-S06-D50,conversion_rate
0.022241946297781336,0.0030028178685160265,7.190655815411941e-07,0.02440241643727245,0.00015123360519202027,0.00041105002547828375,0.018480847852747784,0.0005311061416717895,0.023878582142101836,0.019007993707934625,0.8546011870296935,0.019065560114988982,0.8571893781116987,0.0004582579509161941,0.02060332062585305,0.0005864858642104392,0.026368459682367902,0.002036295219745401,0.09155202483105196,0.0020587941769101255,0.0925635800638316,J-S06-D95,mean_total_shift
0.036640105761550655,0.004032083267715209,9.655371809662858e-07,0.016508442022776196,0.00017565640029061858,0.00040071336452119553,0.010936468555221682,0.0005492983736277711,0.014991724565494927,0.03475510883823012,0.9485537259202288,0.034832344009678454,0.9506616666546518,0.0009368412149920273,0.02556873664854779,0.00109800088781428,0.02996718663859586,0.00013006126065767985,0.0035496966494611855,0.00016046249043014823,0.004379422141257413,J-S06-D95,mean_signed_shift
0.023701968485928995,0.13188996261726724,3.1582845454326445e-05,0.017330209992331574,0.0010283773046553574,0.0001987386433020782,0.008384900326741307,0.0013695493190967072,0.05778209180852465,0.018197733903272312,0.7677731034903557,0.0193400318225099,0.8159673249920731,0.00023758818869512395,0.010023985511421614,0.0013019582257902847,0.05493038380180154,0.0008194858326204214,0.0345745895792124,0.0016904291185321006,0.07132019939760056,J-S06-D95,conversion_rate
0.03412801848077122,0.007957148836068316,1.905447518215593e-06,0.036115982408488345,0.0002480743581874668,0.0011424503209983793,0.0334754366604106,0.0013544959955730878,0.039688679737918356,0.02872338059913716,0.8416363409824336,0.028852140431952087,0.8454091891742346,0.000711924498488933,0.02086041118648753,0.0009394960715758184,0.02752858540864772,0.002903217638889877,0.08506845015117533,0.002981885981670233,0.08737354567919962,J-S14-D50,mean_total_shift
0.0659849215137712,0.010685879348408412,2.5588791543123592e-06,0.022839402566953115,0.00028768368618003586,0.00060110287057995,0.00910970047080375,0.0009648553428290846,0.014622360998455037,0.06233301305911612,0.9446554095863717,0.06250203202579575,0.9472168882212195,0.0017248056017209479,0.02613939006294002,0.002086534849339009,0.03162138866685694,0.00032983904388273513,0.0049987032842631635,0.0004314992958073445,0.006539362113468449,J-S14-D50,mean_signed_shift
0.03711169266330709,0.1881612253818724,4.5057764698724236e-05,0.025087311897610563,0.001211523383726698,0.00016669459144513947,0.004491700040670821,0.0019233041152675696,0.051824747868996296,0.029174229545032924,0.7861196149071891,0.030639837101133414,0.8256114152246011,0.0010197746741013704,0.02747852768002785,0.0023868123417992537,0.06431429478179346,0.0007444795174545381,0.020060510961027025,0.0021617391051068557,0.05824954212460918,J-S14-D50,conversion_rate
0.14263665074685333,0.015835677027312877,3.7920682536668767e-06,0.06166906698101751,0.0003491071720278096,0.002667501740833732,0.018701376727976622,0.003438626970740395,0.024107597540572883,0.11606628264371377,0.8137199102473617,0.1164996224494251,0.8167579779770956,0.0027995283748292604,0.019626991801691755,0.0035883837532445406,0.02515751550850056,0.018848340162440923,0.13214233553402985,0.0191100175734433,0.13397690897383105,J-S14-D95,mean_total_shift
0.23044639637707678,0.022282682253443542,5.335891344215407e-06,0.04272646087347975,0.0004138396893492507,0.002280045614713872,0.00989403891993633,0.0033866934661117907,0.014696230964576175,0.21475768966159037,0.9319203642923747,0.21535193740406264,0.93449904528637,0.005915774612096765,0.025670935649680766,0.00707096231335733,0.03068376170997786,0.004308985862204517,0.018698430220422165,0.004636803193545029,0.020120962039076026,J-S14-D95,mean_signed_shift
0.16234226061445603,0.31962145549994025,7.65377048610968e-05,0.045442007734389785,0.0015935355782178305,0.0004822567668249044,0.0029706175397557636,0.005635972394450619,0.034716606588566595,0.13542399406756503,0.8341881747549472,0.1387482611999104,0.8546650802739613,0.004543793101269002,0.02798897270538804,0.009798410750488798,0.06035650060189123,0.005175950263798271,0.03188295052814714,0.008159616269606203,0.050261812535580874,J-S14-D95,conversion_rate
0.0004933225086746683,0.0015444052535175897,3.698288442331393e-07,0.005564129116417689,0.00010469058283587418,5.080250759614424e-06,0.010298031551941006,2.0613893765666817e-05,0.041785836654903326,0.00041937301760320417,0.8500990938562026,0.0004334234023155659,0.878580228337799,1.2361679664048945e-05,0.02505800859818685,2.4512633725718683e-05,0.04968886133246364,3.0584790950033688e-06,0.006199755821440424,1.4772578867716983e-05,0.029945073674834215,J-S18-D05,mean_total_shift
0.0012990864240707042,0.001736927774692389,4.1593098052978666e-07,0.0030427157596022657,0.00011499784360990544,4.3555553851150335e-06,0.0033527833902434637,2.5410986565155005e-05,0.01956065900952867,0.0011891110697322402,0.9153440815786107,0.001207423579313143,0.9294405337018807,3.209500497668417e-05,0.024705827404549463,5.028012570246964e-05,0.038704219188832885,2.7695417823323403e-07,0.0002131914960402669,1.5971732489936477e-05,0.01229458809975771,J-S18-D05,mean_signed_shift
0.0013468004294572102,0.029734858812772116,7.1204163823688015e-06,0.0035746976831799305,0.00047619863198871613,1.5303955865340783e-05,0.011363194969806038,0.0002671175951251015,0.1983349494718796,0.00038490923250297446,0.2857952997966456,0.0006301699379896511,0.46790149765813727,1.3651769802931662e-05,0.010136445982894156,0.0002064451252054519,0.15328560987217218,2.08382045382564e-05,0.015472377408325189,0.0002430677711370058,0.18047794299781103,J-S18-D05,conversion_rate
0.058663127243327805,0.013206468715405163,3.1624685621180945e-06,0.04700246848860874,0.00031933953412568257,0.0020923942775629813,0.03566796343611165,0.002470713964989945,0.042116983548144506,0.047658237339347494,0.8124053315750912,0.047864072848817066,0.8159141030835686,0.0014245575682718318,0.024283696338978544,0.0018176162943870592,0.030983965223125576,0.006363348114997302,0.10847270532651417,0.006510724135133737,0.11098494814516133,J-S18-D50,mean_total_shift
0.11144208924864484,0.017640142541897157,4.224172064630545e-06,0.02978290005330914,0.0003714687847105963,0.0010597839583090375,0.009509728016176121,0.0016745857343609867,0.015026510590847973,0.10441886938555799,0.9369787491383356,0.10470668419268823,0.939561389225853,0.0032092890085707636,0.028797818043507197,0.0037911507457741114,0.03401902074283135,0.0010745569628868839,0.009642290180771632,0.0012696685758214706,0.011393079440467418,J-S18-D50,mean_signed_shift
0.0712653590426632,0.2374224522426558,5.685403549872026e-05,0.03305376262801862,0.0013641163429809454,0.0005196303420123677,0.0072914856389243695,0.002994061688944756,0.04201286191727951,0.05800588153732945,0.8139421777501193,0.059729683484970306,0.8381306750901649,0.003196443009927438,0.04485268934116895,0.005329876600532486,0.07478916365722287,0.0017339110262249006,0.024330348566501854,0.00321173726821566,0.045067299335332676,J-S18-D50,conversion_rate
0.24476812206988316,0.025090221850884525,6.008194887663919e-06,0.0799353396903861,0.0004425128196830086,0.004640715086929895,0.01895963840260594,0.005854836690548556,0.023919931407068426,0.19011532060283556,0.7767160159383671,0.19089495115488914,0.7799011960405007,0.004666721661038574,0.019065888243838345,0.00584609212992941,0.023884205510472094,0.04154008351369789,0.16971198358027145,0.042172242094516046,0.1722946670419588,J-S18-D95,mean_total_shift
0.3887186139325073,0.03514091082832968,8.414969068086609e-06,0.05556748728825213,0.000519041730267377,0.0037706594825855765,0.009700228770727895,0.0054106336592089225,0.013919152480175194,0.3578363998760239,0.9205538069194561,0.3588813619431983,0.9232420292729033,0.010132976685026131,0.026067639474515895,0.011739597689872226,0.030200760316331437,0.012032651957963532,0.030954658528528158,0.01268702064022779,0.032638057930589916,J-S18-D95,mean_signed_shift
0.34813577664943307,0.4126961369162466,9.882570328454181e-05,0.06174852152215625,0.0018217257155730665,0.001833474900668802,0.005266551224107831,0.009559107707616591,0.027457987224457123,0.30224298079946066,0.8681755828382278,0.3055832847882913,0.8777704139727316,0.011322926465372446,0.03252445518339945,0.018626267754713228,0.053502883081934925,0.01131904785489616,0.032513314097833305,0.01436711639881199,0.041268715720876446,J-S18-D95,conversion_rate
14.519416667293346,0.017710221023288522,4.240953310174455e-06,0.048704719957071076,0.00018892409623027083,0.0027206022283503633,0.00018737682723017602,0.0053591507748477814,0.00036910234740489847,1.1833100968991999,0.08149845989093638,1.853160412308437,0.12763325516257784,0.0019813064459289725,0.0001364590941447457,0.0038382666970562442,0.00026435405670961846,11.98439273769764,0.8254045608246687,12.657058837513006,0.8717332884333078,NC-NoOp,mean_total_shift
9.748599085544088,0.023059572052635396,5.521928173523802e-06,0.03708900052105774,0.00021952322747070347,0.0024636250164505233,0.00025271579996594183,0.005317559675278389,0.0005454691108554913,0.7356306808074182,0.07546014297564697,1.2177543987967006,0.12491583540474784,0.003866413420940547,0.0003966122093044054,0.007239442607453631,0.0007426136354493015,8.032180323064592,0.8239317518940006,8.518287684464656,0.8737960818489475,NC-NoOp,mean_signed_shift
17.722076743184243,0.29252111504806816,7.00481597337328e-05,0.046904274955934154,0.0008630285887838466,0.004339740044667805,0.0002448776239690324,0.015060065242645242,0.0008497912214739287,1.7293033486192988,0.09757904638824984,3.0383046597293504,0.17144179566301992,0.006456647348570026,0.0003643279194721463,0.01608519759651012,0.0009076361551529986,13.337536803744928,0.7525944615308378,14.652626820615742,0.8268007769603535,NC-NoOp,conversion_rate
0.3474724075574153,0.003984129070165175,9.540538961123504e-07,0.023799700997612437,0.00017375419401139406,0.0005190827157779341,0.0014938818291411022,0.0006746031991716941,0.0019414583273356018,0.3144039507795358,0.9048314166574065,0.3162443868304747,0.910128056076566,0.00035716124379409173,0.00102788375717308,0.0004847054927785962,0.0013949467129947717,0.028294973955431665,0.08143085131372996,0.03006871203499039,0.08653553888310377,PC-M01,mean_total_shift
0.14888612184684052,0.005316279943411996,1.2730555420047883e-06,0.014800435739468926,0.00020415727930560862,0.0002847903104409925,0.001912806290528253,0.0004939960294438136,0.0033179454425711244,0.13342519032231295,0.8961559926959998,0.13432658847729642,0.9022102719249984,0.00087139508080423,0.005852762299098878,0.0011006502536635592,0.00739256446477799,0.012162765539796656,0.08169173452115651,0.01296488708643667,0.08707921816765217,PC-M01,mean_signed_shift
0.17219590999126097,0.12495141565365184,2.9921316009016244e-05,0.016344228450250218,0.0010145321027194782,0.00037136980148336235,0.002156670280392894,0.00144037003964425,0.008364716907139951,0.15258067862566616,0.8860877046000089,0.15433707743875033,0.8962877076847122,0.0005672979535896919,0.0032944914523143007,0.0014812343595191932,0.008602029860026098,0.013461996208312926,0.07817837374300081,0.014937228153347196,0.08674554554812172,PC-M01,conversion_rate
0.1279979152934306,0.0005862682075026579,1.403898964326288e-07,0.006222271784885067,2.4845920795341264e-05,4.049920087830821e-05,0.00031640516007987515,7.276905898927598e-05,0.0005685175326680559,0.021592652764572916,0.16869534722555862,0.027681911433594,0.2162684553895602,2.1544386216507457e-05,0.00016831825867724275,4.154304505592874e-05,0.0003245603255388403,0.09409695548433072,0.7351444378497638,0.10020169175579141,0.782838466752233,PC-M05,mean_total_shift
0.04786595458176439,0.000791309898385087,1.894899181956626e-07,0.0037955030400462224,2.9085404016284068e-05,2.173099108968927e-05,0.000453996818397688,5.193848303411046e-05,0.0010850819436890034,0.008790395620357067,0.1836460945397288,0.011189491659403493,0.2337672309509603,6.263681635850261e-05,0.0013085880539895367,0.00010397902037957635,0.0021722959729542192,0.03410188013225101,0.7124454203456518,0.0365205454189472,0.7629753911323962,PC-M05,mean_signed_shift
0.06015870417857947,0.033335418109672596,7.982619279136158e-06,0.00414483781198477,0.000412445887349477,8.85343472193922e-05,0.0014716797582039068,0.000350425236473831,0.0058250130427278364,0.010186973666671168,0.16933499159874546,0.013284266719847846,0.2208203600997432,2.7422550231874657e-05,0.000455836783825522,0.00025108432717354243,0.004173699061539049,0.04314515006536593,0.7171888200465676,0.046272927895084255,0.7691809277959899,PC-M05,conversion_rate
